ticket_id,org_id,category,severity,created_at,resolved_at,csat,sla_breached
tkt_zjrumxqw,org_x7eedtjv,performance,low,2025-07-02,2025-07-08,4.0,False
tkt_3b4nthzm,org_gv0e38da,security,low,2025-07-21,2025-07-22,,False
tkt_32hzs32d,org_9mx2x18h,availability,low,2025-07-03,2025-07-05,3.0,False
tkt_1jqbexgf,org_1swjckjl,usability,critical,2025-07-18,2025-07-22,4.0,False
tkt_vnnvbzw5,org_trp0j43d,integration,low,2025-07-26,2025-07-31,3.0,False
tkt_apmxd6lq,org_h2m5zja8,security,medium,2025-06-14,2025-06-26,5.0,False
tkt_ga3qupo4,org_jxepq85j,availability,low,2025-06-22,2025-07-07,4.0,False
tkt_jnmyk851,org_i3qk2iag,availability,medium,2025-05-11,2025-05-14,,False
tkt_6sp18obs,org_c11ertj5,security,low,2025-08-30,,3.0,False
tkt_7587h91e,org_t9nt3w5u,performance,low,2025-07-02,,4.0,False
tkt_l88l12qf,org_nam148p0,availability,low,2025-07-22,2025-07-24,,False
tkt_af5kcihd,org_8mdd4v30,security,medium,2025-05-20,2025-06-03,,False
tkt_iy4nrmqy,org_teiyzcot,billing,high,2025-08-27,2025-08-27,,False
tkt_z6y3z1de,org_3t60rjiw,usability,low,2025-06-11,2025-06-12,5.0,True
tkt_1e1630po,org_5lxo6qji,usability,low,2025-06-11,2025-06-11,,False
tkt_cr0vhv1n,org_w3zp08j3,performance,medium,2025-07-25,,4.0,False
tkt_m3v16xeg,org_5iqvnb4g,billing,low,2025-07-24,,,False
tkt_hpmxpkn3,org_53lc58dr,security,medium,2025-06-20,2025-06-20,3.0,False
tkt_b8pfy4qc,org_x7eedtjv,performance,low,2025-06-17,2025-06-17,2.0,False
tkt_yd52alun,org_ykl1cq99,integration,low,2025-06-07,,3.0,True
tkt_qr8o1kjw,org_9t84azyt,usability,medium,2025-06-30,2025-07-05,2.0,False
tkt_v2qnrmtn,org_id25owf7,integration,low,2025-05-23,2025-05-24,,False
tkt_29tnyfm7,org_ofqewaou,billing,medium,2025-07-16,2025-07-20,4.0,False
tkt_vh30qbke,org_53lc58dr,billing,low,2025-06-23,2025-06-23,6.0,False
tkt_rn6yjmk3,org_dzr1yxr2,usability,critical,2025-08-20,2025-08-25,4.0,False
tkt_tgmalwvm,org_pbhsahxt,integration,medium,2025-06-01,2025-06-01,,False
tkt_b0idd0wp,org_pac56t4u,availability,critical,2025-08-31,2025-09-07,,False
tkt_j8yi340s,org_ofqewaou,billing,medium,2025-07-04,2025-07-04,4.0,False
tkt_qcnf9w5n,org_cwi64ciy,integration,medium,2025-08-16,2025-08-19,1.0,False
tkt_9c70pa8j,org_53lc58dr,security,low,2025-07-01,,,False
tkt_x54pegjk,org_a7tz0ync,usability,high,2025-08-01,,,False
tkt_s4i2nr1p,org_5935a0l7,billing,low,2025-07-09,,5.0,False
tkt_02jyv6yj,org_pac56t4u,performance,low,2025-08-28,2025-09-06,5.0,False
tkt_oaoejv9l,org_253j2d54,performance,medium,2025-06-09,,3.0,False
tkt_halckz3v,org_pvs7hzio,billing,medium,2025-07-04,2025-07-22,,False
tkt_wlo7ammp,org_id25owf7,usability,low,2025-06-29,2025-07-08,4.0,False
tkt_q0hzyjb4,org_cvs4f8cg,security,low,2025-06-02,2025-06-02,,False
tkt_8wumh9nk,org_kdgigatj,security,low,2025-08-02,,,False
tkt_lybwgmp9,org_phr62gds,usability,low,2025-07-28,2025-07-28,3.0,False
tkt_a9uri7ev,org_tvhhpbmy,availability,low,2025-08-02,2025-08-02,3.0,False
tkt_4dh9ugf1,org_jxepq85j,billing,medium,2025-06-05,2025-06-06,2.0,False
tkt_0oo1pvln,org_7e8g8jdp,performance,critical,2025-08-20,2025-08-21,5.0,False
tkt_d581lto4,org_zbikcidk,security,low,2025-05-19,,3.0,False
tkt_rq3q7gkt,org_a7tz0ync,security,medium,2025-06-23,,,False
tkt_mqg6nx9o,org_0lzjjege,billing,medium,2025-08-24,2025-08-24,,False
tkt_wwew9v08,org_phr62gds,usability,medium,2025-06-13,2025-06-14,,False
tkt_liuqdn05,org_om5igqpk,availability,low,2025-06-11,2025-06-12,3.0,False
tkt_xt54fn5g,org_dhylurtp,integration,low,2025-06-30,,0.0,False
tkt_77lk6hqi,org_cwi64ciy,usability,low,2025-07-26,2025-07-31,,False
tkt_v929sevl,org_ir4cowgz,usability,low,2025-07-02,2025-07-12,4.0,False
tkt_7fq8aby5,org_kdgigatj,security,critical,2025-08-09,2025-08-11,,False
tkt_95cpjze1,org_kdgigatj,usability,medium,2025-05-16,2025-05-20,3.0,False
tkt_xtar0ko3,org_wm31yiha,usability,low,2025-07-03,2025-07-06,,False
tkt_1nzsxpef,org_afeyuhz1,security,low,2025-08-31,2025-09-01,4.0,False
tkt_j31egom6,org_trp0j43d,availability,high,2025-05-21,2025-05-21,,False
tkt_2hdxc6ri,org_pvs7hzio,billing,low,2025-07-23,2025-07-23,4.0,False
tkt_jkq2zuv1,org_pvs7hzio,billing,medium,2025-08-03,2025-08-11,4.0,False
tkt_fkhnnk8f,org_ir4cowgz,integration,critical,2025-06-26,2025-06-30,,True
tkt_wrpk0zfk,org_xaji0y6d,availability,low,2025-08-14,2025-08-18,4.0,False
tkt_nwbhkvjz,org_he7ur23g,performance,high,2025-08-19,2025-08-22,3.0,False
tkt_09owgmf4,org_om5igqpk,billing,medium,2025-06-26,2025-06-27,3.0,False
tkt_ln5rgsg6,org_l58kxo9t,availability,medium,2025-06-25,2025-06-26,4.0,False
tkt_a8mlik22,org_5lxo6qji,performance,high,2025-08-18,2025-08-20,,True
tkt_xmq66442,org_874frhoc,availability,medium,2025-05-24,2025-05-27,2.0,False
tkt_sihxodlc,org_9t84azyt,integration,medium,2025-08-09,2025-08-09,2.0,False
tkt_tt058cui,org_253j2d54,availability,low,2025-07-23,,,False
tkt_j0yxiyqb,org_dzr1yxr2,integration,low,2025-07-13,2025-07-26,5.0,True
tkt_vtdg3c6s,org_id25owf7,usability,medium,2025-07-21,2025-07-24,,True
tkt_civuqt2l,org_pja1wj0t,availability,low,2025-08-20,2025-08-28,4.0,False
tkt_whedhthr,org_om5igqpk,availability,low,2025-07-23,,4.0,False
tkt_uu5e51h3,org_uzfk8ut0,security,low,2025-06-29,2025-06-29,,False
tkt_wqa1vrgs,org_zhwjr64d,availability,medium,2025-05-20,,2.0,False
tkt_s8k5ijul,org_rixa11dp,billing,medium,2025-08-15,2025-08-16,3.0,False
tkt_p98rl9qf,org_he7ur23g,billing,low,2025-05-17,2025-05-17,3.0,False
tkt_cpk7pwtg,org_dbdw2pcn,usability,low,2025-07-09,2025-07-15,2.0,False
tkt_21hsltdk,org_cvs4f8cg,performance,low,2025-07-13,2025-07-16,3.0,False
tkt_vuff124v,org_ykl1cq99,availability,medium,2025-05-25,2025-05-31,4.0,False
tkt_f89x22j7,org_ktakpuxq,integration,high,2025-07-11,,,False
tkt_q4kfmm0q,org_kdgigatj,billing,medium,2025-05-19,2025-05-19,5.0,True
tkt_pop1o8m2,org_d14ve92m,availability,medium,2025-05-23,2025-05-23,1.0,False
tkt_91azhzkn,org_ir4cowgz,integration,high,2025-06-17,2025-06-19,2.0,False
tkt_l2luhhs4,org_5935a0l7,billing,low,2025-07-13,2025-07-22,,False
tkt_dilrzq8b,org_ykl1cq99,billing,medium,2025-05-14,2025-05-26,,False
tkt_xy6rkvnd,org_pnsm43d8,security,low,2025-06-05,2025-06-14,3.0,False
tkt_xjn7de0l,org_cvs4f8cg,availability,low,2025-06-18,,,False
tkt_1offkhdi,org_chj755nf,integration,low,2025-08-22,2025-08-25,2.0,False
tkt_u1jtka1c,org_4zw9xa3k,security,low,2025-05-29,2025-06-07,2.0,False
tkt_2zl46q5g,org_9t84azyt,performance,high,2025-06-16,2025-06-16,,False
tkt_qqlyzj0a,org_ktakpuxq,availability,low,2025-08-01,2025-08-08,,False
tkt_eoorbt6s,org_teiyzcot,billing,low,2025-07-18,,4.0,False
tkt_apbs22ru,org_dbdw2pcn,integration,medium,2025-06-26,,1.0,False
tkt_w0u92t24,org_0lvsnujz,integration,high,2025-08-23,2025-08-24,2.0,False
tkt_d7v911pj,org_tvhhpbmy,usability,high,2025-08-11,,2.0,False
tkt_q50xcxms,org_sg65kxvf,billing,high,2025-07-07,,4.0,False
tkt_y3paua3a,org_he7ur23g,billing,low,2025-05-16,2025-05-16,4.0,False
tkt_ipjiylqx,org_g0fn9xuy,availability,medium,2025-06-16,,2.0,False
tkt_1um55f1h,org_l58kxo9t,usability,low,2025-07-27,2025-07-30,1.0,False
tkt_gav42t8l,org_53lc58dr,availability,medium,2025-06-21,,3.0,False
tkt_lihkpj7h,org_53lc58dr,usability,medium,2025-07-09,,,False
tkt_me6p4np0,org_n9j2qp89,performance,medium,2025-08-05,2025-08-09,3.0,False
tkt_0nqohn3d,org_253j2d54,integration,critical,2025-08-17,2025-08-20,5.0,False
tkt_g60e1erv,org_pseimvih,integration,medium,2025-07-07,2025-07-09,,False
tkt_0lg92mje,org_he7ur23g,integration,low,2025-06-26,2025-06-28,3.0,False
tkt_qa2o4m84,org_rixa11dp,availability,high,2025-06-14,2025-06-18,4.0,False
tkt_p4k9dxoq,org_sg65kxvf,integration,low,2025-08-15,2025-08-22,4.0,False
tkt_8jxlfiue,org_axeqbnhl,billing,low,2025-08-13,2025-08-19,4.0,False
tkt_fz1c25xn,org_1n13jcat,integration,critical,2025-06-28,2025-07-04,,False
tkt_ofg7803g,org_om5igqpk,billing,low,2025-08-17,2025-08-17,6.0,False
tkt_5dfrlw6j,org_uzfk8ut0,availability,high,2025-05-27,,3.0,False
tkt_l2l5b56b,org_dbdw2pcn,integration,medium,2025-07-10,2025-07-13,0.0,False
tkt_nvsfa6d9,org_fel6246h,availability,medium,2025-08-19,2025-08-21,6.0,False
tkt_er94tevw,org_uzfk8ut0,usability,low,2025-07-11,2025-07-16,4.0,False
tkt_lq6exnwz,org_5iqvnb4g,integration,medium,2025-07-06,2025-07-12,6.0,False
tkt_r04hhe7i,org_gv0e38da,usability,low,2025-05-28,2025-05-28,6.0,False
tkt_cdo5digx,org_0lzjjege,usability,low,2025-08-05,2025-08-07,2.0,False
tkt_l9ysu51e,org_om5igqpk,performance,medium,2025-05-12,2025-05-12,3.0,True
tkt_pxu7b6nb,org_hv3a3zmf,billing,medium,2025-06-27,,3.0,False
tkt_hgfb2flu,org_zbikcidk,performance,medium,2025-05-19,2025-05-25,5.0,False
tkt_rmw3uqhw,org_0lzjjege,integration,high,2025-08-24,2025-08-24,4.0,True
tkt_tek17m6j,org_phr62gds,performance,low,2025-05-11,2025-05-12,1.0,False
tkt_3rtxymsc,org_gv0e38da,performance,medium,2025-07-09,2025-07-10,,True
tkt_nx8eiqet,org_uzfk8ut0,integration,medium,2025-06-03,2025-06-03,,False
tkt_k5lp9c5s,org_9t84azyt,integration,high,2025-08-13,,2.0,True
tkt_o79h4ha0,org_dppq0y9d,performance,high,2025-06-06,2025-06-07,3.0,False
tkt_mvf4s2ni,org_sg65kxvf,billing,low,2025-06-27,,2.0,False
tkt_8tndfww4,org_ly8ozcyw,billing,critical,2025-08-04,,3.0,False
tkt_1f7v4k88,org_kdgigatj,billing,high,2025-06-26,2025-07-10,5.0,False
tkt_k686qe7a,org_9t84azyt,integration,high,2025-07-11,2025-07-14,5.0,False
tkt_jul7w8co,org_chj755nf,usability,low,2025-06-08,2025-06-11,5.0,False
tkt_f3138i2x,org_pja1wj0t,security,medium,2025-06-18,2025-06-24,3.0,False
tkt_og4c8j6e,org_7e8g8jdp,availability,critical,2025-07-31,2025-08-01,3.0,False
tkt_07fpy1ae,org_a7tz0ync,billing,low,2025-08-05,2025-08-07,,False
tkt_ldwqxke0,org_d14ve92m,billing,medium,2025-07-01,2025-07-06,4.0,False
tkt_qc96mj9n,org_1t2tala7,billing,low,2025-06-24,2025-06-28,2.0,False
tkt_6eqv5y21,org_he7ur23g,performance,medium,2025-08-15,2025-08-20,,False
tkt_id9vvn5x,org_xll4zklo,security,low,2025-07-20,,4.0,False
tkt_48pw5k0j,org_ofqewaou,billing,medium,2025-05-10,,4.0,False
tkt_jsp49cd3,org_ir4cowgz,integration,low,2025-07-14,,4.0,False
tkt_irvxd2zu,org_dppq0y9d,security,low,2025-05-11,2025-05-16,3.0,True
tkt_4ns7nvv2,org_rixa11dp,usability,high,2025-07-25,,3.0,False
tkt_8ue1my6p,org_zbikcidk,billing,critical,2025-07-07,,2.0,False
tkt_o0m24us7,org_i3qk2iag,usability,medium,2025-07-28,2025-07-29,,False
tkt_3w1yaua8,org_zbikcidk,security,low,2025-05-21,2025-05-22,,False
tkt_d7204j3m,org_g0fn9xuy,security,low,2025-07-20,,4.0,False
tkt_9iqbq9j2,org_chj755nf,billing,medium,2025-06-17,,4.0,False
tkt_h1tlom34,org_dppq0y9d,billing,low,2025-06-14,,2.0,False
tkt_4mw04i3d,org_phr62gds,performance,low,2025-05-17,2025-05-19,,False
tkt_zxlrgnjz,org_zbikcidk,integration,medium,2025-08-12,2025-08-16,,False
tkt_m3618leu,org_rixa11dp,integration,low,2025-07-12,,,False
tkt_6zu1tozh,org_xll4zklo,performance,low,2025-05-17,2025-05-22,3.0,False
tkt_dv5ojzto,org_9t84azyt,usability,low,2025-07-18,2025-07-31,5.0,False
tkt_7d835kuc,org_cvs4f8cg,billing,medium,2025-08-14,2025-08-16,,True
tkt_9pbtyjr3,org_zhwjr64d,availability,low,2025-06-17,2025-06-19,2.0,True
tkt_9iixhaia,org_1n13jcat,availability,low,2025-08-25,2025-08-31,1.0,False
tkt_w4otuo4u,org_ktakpuxq,security,medium,2025-07-15,,5.0,False
tkt_w590z92j,org_teiyzcot,billing,low,2025-06-13,,1.0,False
tkt_n67lm8e4,org_vyie6ivw,integration,low,2025-05-14,,,False
tkt_9ite92sr,org_gv0e38da,integration,medium,2025-06-18,2025-06-25,2.0,False
tkt_l3vzzxt9,org_cwi64ciy,billing,medium,2025-06-17,2025-06-18,3.0,False
tkt_qubwrp8g,org_8mdd4v30,billing,medium,2025-07-04,2025-07-05,1.0,False
tkt_uucm5fyc,org_4zw9xa3k,billing,high,2025-08-15,2025-08-20,3.0,False
tkt_zu80zrz7,org_ykl1cq99,performance,critical,2025-06-15,2025-06-19,1.0,False
tkt_9hqtylu5,org_9mx2x18h,performance,high,2025-07-24,,,False
tkt_8ftylavz,org_9mx2x18h,performance,medium,2025-05-24,2025-05-26,,False
tkt_me9wt00i,org_g0fn9xuy,availability,low,2025-08-26,2025-08-29,3.0,False
tkt_v1ggxred,org_0lzjjege,integration,high,2025-05-15,2025-05-17,1.0,False
tkt_8u8nozem,org_874frhoc,security,low,2025-06-26,,,False
tkt_dmz5rgoi,org_pseimvih,integration,low,2025-05-11,,1.0,False
tkt_9wm1sav9,org_afeyuhz1,performance,high,2025-06-23,2025-07-02,,False
tkt_cng8tana,org_wm31yiha,integration,high,2025-07-25,2025-08-06,2.0,False
tkt_6u48gwgh,org_41ibljh7,availability,medium,2025-07-22,,2.0,False
tkt_m56vu6z5,org_cvs4f8cg,usability,critical,2025-07-07,2025-07-14,,False
tkt_gf3bbt87,org_ohp6vz41,integration,high,2025-06-30,2025-07-01,3.0,False
tkt_3lkmgs6r,org_w3zp08j3,usability,low,2025-06-26,2025-06-29,5.0,False
tkt_v9777tnq,org_dhylurtp,availability,medium,2025-08-24,2025-09-02,,False
tkt_etmni3go,org_1t2tala7,billing,critical,2025-07-21,,2.0,False
tkt_m6736z4d,org_g8sbi4q2,availability,high,2025-05-14,2025-05-21,4.0,False
tkt_sxlsutot,org_jxepq85j,billing,high,2025-08-31,,2.0,True
tkt_hlqh7ppc,org_ktakpuxq,billing,low,2025-08-05,2025-08-05,3.0,False
tkt_aduvl911,org_pac56t4u,performance,high,2025-08-16,2025-08-29,,False
tkt_zsb8lv6t,org_0lzjjege,availability,medium,2025-06-13,,,True
tkt_x0tbkg8b,org_pja1wj0t,security,low,2025-07-28,2025-08-01,2.0,False
tkt_350sgnz6,org_1t2tala7,availability,medium,2025-08-31,2025-09-19,2.0,False
tkt_d86zchhx,org_he7ur23g,billing,medium,2025-05-22,2025-05-22,5.0,False
tkt_a7hy7ai3,org_wm31yiha,usability,high,2025-08-11,2025-08-16,3.0,False
tkt_3993n4bf,org_dbdw2pcn,integration,medium,2025-07-14,2025-07-23,,False
tkt_iy5pu5wh,org_chj755nf,billing,medium,2025-07-12,2025-07-17,2.0,False
tkt_50jyook6,org_9mx2x18h,performance,medium,2025-06-08,2025-06-11,4.0,False
tkt_3rvwozqx,org_ly8ozcyw,security,low,2025-06-02,2025-06-08,3.0,False
tkt_iwe6rgl7,org_kdgigatj,availability,high,2025-08-08,,,False
tkt_jy7otkud,org_phr62gds,performance,high,2025-06-25,,,False
tkt_e358tre9,org_1swjckjl,performance,high,2025-08-24,2025-08-24,3.0,True
tkt_qdi3g13i,org_3t60rjiw,billing,high,2025-07-09,2025-07-09,3.0,False
tkt_wpfvb71g,org_fel6246h,security,low,2025-08-11,,3.0,False
tkt_hlu8m87m,org_4zw9xa3k,availability,medium,2025-07-06,2025-07-08,3.0,False
tkt_hxofkcgg,org_dppq0y9d,billing,high,2025-07-24,2025-07-25,,False
tkt_xp5cituf,org_9mx2x18h,performance,high,2025-08-03,,4.0,False
tkt_8cyotwg7,org_pvs7hzio,security,medium,2025-07-18,2025-07-18,4.0,False
tkt_nfdinu31,org_a7tz0ync,billing,medium,2025-06-11,2025-06-11,4.0,False
tkt_eiwucx67,org_3t60rjiw,security,low,2025-08-25,2025-08-27,3.0,False
tkt_xkwq0ywm,org_trp0j43d,billing,high,2025-08-25,,3.0,True
tkt_9q7ftmfw,org_y9v86wzs,availability,medium,2025-06-05,2025-06-05,4.0,True
tkt_g895na2f,org_1t2tala7,integration,low,2025-08-21,2025-09-01,3.0,False
tkt_qztio4m7,org_ly8ozcyw,usability,critical,2025-06-11,,4.0,False
tkt_pp0pnnlo,org_i3qk2iag,security,medium,2025-07-19,,4.0,False
tkt_0hhgh5xw,org_zhwjr64d,availability,high,2025-07-02,2025-07-04,4.0,False
tkt_6t1oxhfd,org_ktakpuxq,integration,high,2025-06-04,2025-06-04,,False
tkt_xk31wbht,org_4zw9xa3k,availability,low,2025-06-28,2025-06-28,3.0,False
tkt_fnsgpyny,org_rixa11dp,performance,low,2025-07-18,2025-07-24,2.0,False
tkt_j0ufo2ho,org_wm31yiha,billing,low,2025-06-22,2025-06-26,2.0,False
tkt_q5e7l7w0,org_dppq0y9d,security,medium,2025-06-16,2025-06-22,3.0,False
tkt_5y2da5b4,org_sg65kxvf,availability,medium,2025-07-04,,6.0,True
tkt_l6hfh4n6,org_pbhsahxt,usability,low,2025-06-06,2025-06-17,,False
tkt_v3rzkdu6,org_5935a0l7,security,medium,2025-05-13,,3.0,False
tkt_fotwftq9,org_g0fn9xuy,integration,high,2025-08-23,2025-08-25,3.0,False
tkt_y69xfq1e,org_ir4cowgz,usability,low,2025-06-10,2025-06-10,3.0,False
tkt_nngay37v,org_wm31yiha,integration,high,2025-08-10,2025-08-18,1.0,False
tkt_g688u595,org_9mx2x18h,integration,low,2025-05-11,2025-05-12,2.0,False
tkt_cekof92y,org_pac56t4u,security,low,2025-07-31,2025-08-05,,True
tkt_8lz8cv2a,org_9t84azyt,security,low,2025-07-20,,3.0,False
tkt_6pg4gks6,org_pht0hl9x,security,high,2025-06-06,2025-06-12,5.0,False
tkt_r6bilqpb,org_okep7y6w,usability,critical,2025-06-16,2025-06-16,4.0,False
tkt_01qcte9w,org_cvs4f8cg,usability,low,2025-05-19,,5.0,False
tkt_0an6nbyz,org_pseimvih,performance,medium,2025-07-06,2025-07-08,,False
tkt_m242om7z,org_1n13jcat,security,low,2025-05-10,2025-05-12,2.0,True
tkt_trj67dxl,org_5935a0l7,usability,high,2025-05-11,2025-05-17,3.0,False
tkt_se33dcnf,org_vyie6ivw,security,low,2025-07-05,,,False
tkt_225aa35w,org_dbdw2pcn,usability,medium,2025-06-29,2025-07-01,,False
tkt_fw5q52de,org_okep7y6w,availability,critical,2025-08-12,2025-08-14,4.0,False
tkt_zh0cd8a2,org_zbikcidk,performance,medium,2025-05-20,,5.0,False
tkt_ibcltrh9,org_ir4cowgz,integration,low,2025-08-29,2025-09-08,3.0,True
tkt_vgky5cga,org_nam148p0,usability,low,2025-07-31,2025-08-11,4.0,False
tkt_ghft9zzc,org_okep7y6w,security,low,2025-06-22,2025-07-06,5.0,False
tkt_gl9fwvvs,org_ohp6vz41,security,high,2025-06-05,2025-06-07,3.0,True
tkt_kp30tx8j,org_pbhsahxt,integration,medium,2025-05-13,2025-05-13,2.0,False
tkt_1ccm0w3c,org_1t2tala7,availability,medium,2025-07-04,2025-07-17,4.0,False
tkt_1za0dv6n,org_i7p5tb94,availability,high,2025-06-28,2025-06-28,,False
tkt_yycj4q0r,org_chj755nf,integration,low,2025-05-09,2025-05-11,,False
tkt_r1l9gvbm,org_zbikcidk,performance,low,2025-07-05,2025-07-08,4.0,False
tkt_qq749q6q,org_i3qk2iag,usability,low,2025-08-19,,,False
tkt_f1pafl9w,org_c11ertj5,performance,medium,2025-07-02,2025-07-16,,False
tkt_oa2xgvgd,org_teiyzcot,security,medium,2025-07-22,2025-07-24,,False
tkt_ofmaok8t,org_pseimvih,security,high,2025-08-26,2025-08-26,3.0,False
tkt_ir0p8f8c,org_pac56t4u,integration,high,2025-07-03,2025-07-09,2.0,False
tkt_8clrki72,org_t9nt3w5u,integration,medium,2025-06-12,2025-06-23,2.0,False
tkt_oalfwype,org_fel6246h,integration,critical,2025-08-11,2025-08-24,2.0,False
tkt_ek035n8c,org_0lvsnujz,performance,high,2025-07-02,2025-07-27,3.0,False
tkt_qphli5l6,org_5935a0l7,usability,critical,2025-05-28,2025-05-30,,False
tkt_92tulgel,org_chj755nf,integration,high,2025-05-20,2025-05-20,4.0,False
tkt_w8ivi3rq,org_uzfk8ut0,billing,medium,2025-07-05,2025-07-20,,True
tkt_asd1wcrv,org_1swjckjl,availability,low,2025-08-13,,3.0,False
tkt_68jq12jf,org_7e8g8jdp,security,low,2025-07-01,2025-07-05,3.0,False
tkt_4ciwl3rf,org_g8sbi4q2,billing,medium,2025-07-21,2025-07-21,6.0,False
tkt_jl9vt3x8,org_d14ve92m,integration,critical,2025-08-02,2025-08-08,,False
tkt_ve00h2k2,org_hv3a3zmf,integration,medium,2025-06-29,2025-07-05,2.0,True
tkt_p3ajfax1,org_3t60rjiw,security,low,2025-07-16,2025-07-24,6.0,False
tkt_cq6fwtv1,org_cwi64ciy,integration,medium,2025-08-16,,5.0,False
tkt_djjzqfe8,org_4zw9xa3k,performance,low,2025-05-11,2025-05-15,4.0,False
tkt_e5tnlztw,org_41ibljh7,availability,low,2025-07-10,2025-07-12,3.0,False
tkt_xol4bkuu,org_0lvsnujz,security,critical,2025-08-15,,3.0,False
tkt_5czeccfs,org_253j2d54,integration,high,2025-05-27,2025-05-28,1.0,False
tkt_7i19mo1r,org_vyie6ivw,usability,low,2025-07-18,2025-07-18,3.0,False
tkt_tsxof33q,org_ykl1cq99,integration,high,2025-06-01,2025-06-06,3.0,False
tkt_e6jixub4,org_wm31yiha,availability,low,2025-06-23,2025-06-24,4.0,False
tkt_ibhif5sl,org_kdgigatj,integration,medium,2025-05-11,2025-05-13,6.0,False
tkt_1ya1ryzt,org_ly8ozcyw,integration,high,2025-07-26,2025-08-04,5.0,False
tkt_bvhuazun,org_xaji0y6d,availability,medium,2025-07-02,2025-07-16,4.0,False
tkt_6fht60ku,org_5iqvnb4g,security,low,2025-08-14,2025-08-18,3.0,False
tkt_sfhvmlje,org_5lxo6qji,performance,low,2025-07-31,,,False
tkt_kbvxsogb,org_n9j2qp89,security,high,2025-07-31,2025-07-31,,False
tkt_205hu03y,org_i7p5tb94,billing,medium,2025-05-10,,2.0,False
tkt_53mbwu5j,org_ohp6vz41,usability,high,2025-05-16,,3.0,False
tkt_slhgmrzz,org_8mdd4v30,integration,low,2025-05-30,,4.0,False
tkt_qo17rv2y,org_a7tz0ync,billing,critical,2025-06-14,,6.0,False
tkt_7cdabbaj,org_t1ghr09s,usability,critical,2025-06-05,2025-06-10,3.0,False
tkt_aq08dnx8,org_chj755nf,security,low,2025-07-20,2025-07-22,4.0,False
tkt_0nkxkbef,org_om5igqpk,integration,medium,2025-07-03,,3.0,True
tkt_q796ew82,org_ohp6vz41,integration,medium,2025-08-16,,3.0,False
tkt_57ge0q5z,org_53lc58dr,usability,low,2025-07-22,2025-07-23,2.0,False
tkt_jaucyhon,org_pja1wj0t,billing,medium,2025-06-18,2025-06-21,,False
tkt_bpqga6x8,org_xll4zklo,usability,medium,2025-05-09,2025-05-10,3.0,False
tkt_5zzhjy8g,org_253j2d54,availability,low,2025-07-20,2025-07-21,1.0,False
tkt_y39bu4uz,org_h2m5zja8,integration,low,2025-07-25,2025-07-26,3.0,True
tkt_2z0kdn3t,org_5lxo6qji,performance,low,2025-07-16,,2.0,False
tkt_n60tlxou,org_i7p5tb94,performance,medium,2025-05-22,2025-05-30,4.0,False
tkt_n91fy6yo,org_phr62gds,integration,medium,2025-08-26,2025-08-26,,False
tkt_8dje7xqt,org_pht0hl9x,usability,medium,2025-06-04,2025-06-04,3.0,False
tkt_y6m79fmw,org_w3zp08j3,performance,medium,2025-08-15,2025-08-18,,False
tkt_04u923o3,org_pbhsahxt,integration,medium,2025-08-29,2025-09-04,4.0,False
tkt_59tsujt7,org_t1ghr09s,security,low,2025-07-12,2025-07-14,,False
tkt_0y2rl4n7,org_c11ertj5,availability,medium,2025-08-03,2025-08-06,2.0,False
tkt_s3hmo1dx,org_jxepq85j,security,medium,2025-08-24,,4.0,False
tkt_q46ga2sd,org_gv0e38da,usability,low,2025-06-04,2025-06-10,,True
tkt_fc8io3td,org_pht0hl9x,availability,high,2025-08-26,2025-09-03,1.0,False
tkt_3abeg1cj,org_nam148p0,billing,high,2025-06-04,2025-06-04,6.0,False
tkt_8pmozknh,org_vyie6ivw,security,low,2025-07-26,2025-07-26,3.0,False
tkt_pvrwbrbl,org_nam148p0,usability,low,2025-05-12,2025-05-13,3.0,False
tkt_bz5ntdyw,org_h2m5zja8,performance,high,2025-06-17,,3.0,False
tkt_m8rabr6r,org_i7p5tb94,billing,medium,2025-05-30,2025-05-30,5.0,False
tkt_tc0z7q0i,org_pseimvih,availability,high,2025-08-20,2025-09-02,4.0,False
tkt_9bl14hoa,org_he7ur23g,availability,medium,2025-06-25,2025-06-25,3.0,False
tkt_e527psqz,org_41ibljh7,security,low,2025-07-12,2025-07-13,5.0,False
tkt_n7xbvzr6,org_g0fn9xuy,performance,medium,2025-08-14,2025-08-17,,False
tkt_kfkldf4h,org_ofqewaou,performance,medium,2025-05-15,2025-05-29,,False
tkt_ra1361bg,org_ktakpuxq,integration,medium,2025-06-23,2025-06-26,4.0,True
tkt_my4iqz6d,org_afeyuhz1,billing,low,2025-06-30,,3.0,False
tkt_f08upnza,org_874frhoc,integration,medium,2025-07-31,2025-08-08,,False
tkt_sywdrkup,org_fel6246h,billing,low,2025-07-29,2025-07-29,4.0,False
tkt_cj8mo765,org_5iqvnb4g,availability,medium,2025-06-29,2025-07-01,3.0,False
tkt_efuxq9nj,org_gv0e38da,security,low,2025-08-28,2025-09-13,1.0,False
tkt_c2gouife,org_ofqewaou,billing,low,2025-08-31,2025-09-01,,False
tkt_zac2exva,org_wnnhj7xv,performance,medium,2025-08-08,2025-08-08,3.0,True
tkt_5e742grr,org_phr62gds,integration,low,2025-08-30,2025-08-31,2.0,True
tkt_dnwt2fes,org_xll4zklo,usability,medium,2025-07-21,,1.0,False
tkt_5cs9ui14,org_1t2tala7,security,low,2025-08-03,2025-08-05,3.0,False
tkt_nijcp52a,org_4zw9xa3k,integration,low,2025-06-11,2025-06-12,5.0,False
tkt_y7ov50ew,org_5lxo6qji,integration,high,2025-08-07,,3.0,False
tkt_25x1fvk1,org_wnnhj7xv,availability,low,2025-08-10,2025-08-10,,False
tkt_pbcd6fxn,org_7e8g8jdp,integration,high,2025-08-27,2025-08-27,,False
tkt_oq37ktll,org_t1ghr09s,security,medium,2025-05-18,2025-05-27,1.0,False
tkt_8sn5yz7v,org_1t2tala7,billing,medium,2025-07-21,2025-07-21,,False
tkt_xuqdrmsw,org_1swjckjl,security,low,2025-06-10,2025-06-15,2.0,False
tkt_jjjksl66,org_a7tz0ync,availability,low,2025-08-13,2025-08-14,5.0,False
tkt_uml3sojp,org_y9v86wzs,usability,low,2025-06-04,,4.0,False
tkt_x16f1kyn,org_n9j2qp89,integration,medium,2025-05-15,2025-05-15,5.0,False
tkt_tl2ug05w,org_1swjckjl,availability,low,2025-07-28,2025-08-11,3.0,False
tkt_h23gxrir,org_phr62gds,availability,medium,2025-07-06,,6.0,False
tkt_jutfvj83,org_dhylurtp,integration,low,2025-08-05,2025-08-08,3.0,False
tkt_9ag77q9v,org_fel6246h,performance,high,2025-06-15,,2.0,False
tkt_juhbp9vr,org_t1ghr09s,usability,high,2025-07-16,2025-07-17,,True
tkt_negn2b4j,org_l58kxo9t,usability,low,2025-07-24,2025-07-25,4.0,False
tkt_tj27yh6u,org_pseimvih,availability,high,2025-08-19,2025-08-24,4.0,False
tkt_amwjpiwu,org_he7ur23g,availability,low,2025-08-21,,2.0,False
tkt_jt4ftlh3,org_8mdd4v30,performance,low,2025-05-22,2025-05-22,3.0,False
tkt_3hw8d09j,org_ofqewaou,usability,medium,2025-07-02,2025-07-10,2.0,False
tkt_rd4hqfgh,org_9mx2x18h,billing,high,2025-08-15,2025-08-15,6.0,False
tkt_diluvnhd,org_0lzjjege,usability,high,2025-05-16,2025-05-24,,False
tkt_czp0nwnt,org_teiyzcot,integration,medium,2025-06-24,,4.0,False
tkt_j5r2slrw,org_dbdw2pcn,billing,low,2025-05-25,2025-05-25,,False
tkt_4vnzvzn2,org_pvs7hzio,availability,medium,2025-08-28,,2.0,False
tkt_hloikivq,org_a7tz0ync,billing,high,2025-05-19,2025-05-23,4.0,False
tkt_a7izq2nm,org_okep7y6w,availability,low,2025-05-30,2025-06-09,3.0,False
tkt_nr06djin,org_1swjckjl,security,medium,2025-06-10,,5.0,False
tkt_9rg4xv34,org_he7ur23g,security,medium,2025-07-20,2025-07-20,1.0,False
tkt_9n1d6dzb,org_5935a0l7,usability,medium,2025-06-26,2025-07-05,3.0,True
tkt_c7qk4k6i,org_0lzjjege,billing,low,2025-05-20,2025-05-22,4.0,False
tkt_lsidbx28,org_5lxo6qji,usability,low,2025-06-07,2025-06-09,2.0,False
tkt_7gt76i3h,org_1n13jcat,security,high,2025-07-06,2025-07-09,,False
tkt_zcd3geq1,org_fel6246h,usability,medium,2025-06-29,2025-07-02,5.0,False
tkt_0f7ia41s,org_41ibljh7,security,low,2025-06-23,,3.0,False
tkt_ascebfe5,org_fel6246h,availability,high,2025-05-18,2025-05-22,4.0,False
tkt_4ukigdix,org_afeyuhz1,availability,low,2025-05-26,2025-06-03,2.0,False
tkt_1cnaq2yo,org_sg65kxvf,security,medium,2025-06-26,,5.0,False
tkt_tos87mvz,org_dppq0y9d,billing,medium,2025-08-28,,3.0,False
tkt_01sosr2h,org_axeqbnhl,security,high,2025-07-28,2025-08-27,4.0,True
tkt_vnkvonnl,org_9mx2x18h,security,low,2025-08-15,2025-08-17,0.0,False
tkt_hapwf520,org_7e8g8jdp,availability,high,2025-07-06,2025-07-14,4.0,False
tkt_xkiaiprq,org_pseimvih,performance,high,2025-05-22,2025-05-29,5.0,False
tkt_q5qob867,org_g8sbi4q2,security,medium,2025-08-12,2025-08-12,4.0,False
tkt_kbqnxpvm,org_g8sbi4q2,billing,medium,2025-07-31,2025-08-08,3.0,False
tkt_sr75rmg7,org_cwi64ciy,integration,low,2025-06-25,2025-06-26,,False
tkt_f9fzjahs,org_0lvsnujz,security,high,2025-06-09,,1.0,False
tkt_ao2qwkbs,org_wm31yiha,availability,high,2025-06-13,2025-06-16,5.0,True
tkt_epr1b20u,org_zhwjr64d,integration,low,2025-07-08,2025-07-11,5.0,False
tkt_c87nxp0j,org_c11ertj5,usability,low,2025-05-26,2025-06-01,5.0,False
tkt_f6dnobk8,org_hv3a3zmf,availability,low,2025-05-19,2025-05-28,,False
tkt_hup3ftj6,org_axeqbnhl,billing,low,2025-06-13,2025-06-15,1.0,False
tkt_ac4jrcq9,org_kdgigatj,usability,high,2025-07-30,2025-08-09,3.0,False
tkt_7rcq6w94,org_xaji0y6d,performance,high,2025-08-30,,4.0,False
tkt_8ju63lxs,org_3t60rjiw,availability,high,2025-06-19,,,False
tkt_y4vy32i3,org_n9j2qp89,usability,high,2025-06-20,2025-06-21,5.0,True
tkt_pj7k99bv,org_jxepq85j,billing,low,2025-06-16,2025-06-16,,False
tkt_2j3t4h8q,org_hv3a3zmf,availability,low,2025-07-09,,,False
tkt_fdtn0plc,org_41ibljh7,usability,high,2025-06-15,2025-06-20,3.0,False
tkt_fr7cl6p3,org_pvs7hzio,usability,low,2025-05-22,2025-05-22,,False
tkt_frb7ei5r,org_8mdd4v30,security,low,2025-08-31,2025-09-02,2.0,False
tkt_8vo4kvff,org_dhylurtp,usability,high,2025-06-24,2025-06-24,,True
tkt_lncc2atr,org_ir4cowgz,availability,low,2025-06-25,2025-06-26,4.0,False
tkt_d83x9age,org_c11ertj5,usability,high,2025-06-29,2025-07-05,5.0,False
tkt_9ny3mub6,org_wm31yiha,availability,low,2025-08-10,,3.0,True
tkt_lbu9w3gg,org_ykl1cq99,billing,high,2025-08-01,2025-08-02,2.0,False
tkt_o9dvws3k,org_w3zp08j3,security,high,2025-06-27,2025-07-02,3.0,False
tkt_cvjxzdvy,org_253j2d54,availability,low,2025-06-05,,,False
tkt_b4xz3msk,org_pseimvih,security,high,2025-07-29,,2.0,False
tkt_zo3i9lli,org_53lc58dr,billing,high,2025-07-25,2025-07-31,2.0,False
tkt_ffcvedqf,org_id25owf7,usability,medium,2025-06-20,2025-07-14,,False
tkt_c1yuzpex,org_dppq0y9d,availability,low,2025-08-25,,,False
tkt_7tv7hrbf,org_zhwjr64d,availability,low,2025-08-21,2025-08-22,5.0,False
tkt_gcb4jgrx,org_vyie6ivw,integration,low,2025-08-09,2025-08-16,,True
tkt_ozlel8pl,org_ykl1cq99,performance,high,2025-06-27,2025-06-29,3.0,False
tkt_6uza28or,org_ykl1cq99,integration,low,2025-08-26,2025-09-06,,False
tkt_9f5iv86z,org_9t84azyt,usability,medium,2025-07-15,2025-08-06,4.0,False
tkt_p1wz2nar,org_1swjckjl,billing,high,2025-07-19,2025-07-27,2.0,False
tkt_3shlx0st,org_8mdd4v30,performance,low,2025-06-28,2025-07-03,3.0,False
tkt_69wwp82q,org_hv3a3zmf,performance,low,2025-07-03,2025-07-07,2.0,False
tkt_ztt1blow,org_dzr1yxr2,integration,high,2025-08-01,,,False
tkt_2r576vil,org_1swjckjl,security,low,2025-05-23,,,False
tkt_vqkxbi6j,org_9t84azyt,availability,medium,2025-08-17,,,False
tkt_jtb8qop8,org_ly8ozcyw,integration,high,2025-08-08,,3.0,False
tkt_2j3tps82,org_id25owf7,integration,critical,2025-05-20,,,False
tkt_xlvb9hxk,org_4zw9xa3k,usability,medium,2025-08-14,,2.0,False
tkt_ei9ulthy,org_okep7y6w,billing,medium,2025-06-29,2025-06-30,3.0,False
tkt_cx8ae0jx,org_ly8ozcyw,security,medium,2025-07-27,2025-08-04,4.0,False
tkt_yo6hfd7l,org_ohp6vz41,availability,low,2025-08-25,,,False
tkt_ttc954ai,org_ktakpuxq,performance,low,2025-08-24,2025-08-25,4.0,False
tkt_2278eqe1,org_ly8ozcyw,integration,high,2025-08-08,2025-08-08,,False
tkt_2qeykc2m,org_dppq0y9d,availability,medium,2025-08-13,,3.0,True
tkt_ng806w81,org_h2m5zja8,billing,critical,2025-07-28,2025-07-29,,False
tkt_9fmsyg91,org_dbdw2pcn,availability,medium,2025-08-14,2025-08-18,5.0,False
tkt_mmo1ds3h,org_5iqvnb4g,integration,high,2025-05-27,2025-05-28,4.0,False
tkt_gw10c9ix,org_874frhoc,performance,medium,2025-05-10,2025-05-14,3.0,False
tkt_6r1nxhbq,org_wnnhj7xv,performance,low,2025-06-15,2025-06-18,4.0,False
tkt_am97xo48,org_tvhhpbmy,availability,medium,2025-07-11,2025-07-11,2.0,True
tkt_5d4vueer,org_chj755nf,billing,medium,2025-07-13,2025-07-17,3.0,False
tkt_90mwb4ll,org_ir4cowgz,security,low,2025-05-30,2025-05-30,3.0,False
tkt_3k4bk8ej,org_tvhhpbmy,security,high,2025-06-12,,2.0,False
tkt_nfmoctcl,org_ktakpuxq,integration,high,2025-05-17,2025-05-20,,False
tkt_ka9lz57v,org_tvhhpbmy,integration,medium,2025-07-14,2025-07-18,3.0,False
tkt_4ndjm5gh,org_pac56t4u,billing,medium,2025-06-17,2025-06-24,2.0,False
tkt_2ij4tt43,org_hv3a3zmf,billing,medium,2025-07-22,,6.0,False
tkt_tuyktk61,org_n9j2qp89,availability,high,2025-06-02,2025-06-03,,False
tkt_b7pxjbc8,org_zhwjr64d,billing,low,2025-07-18,2025-07-27,,False
tkt_vdrqntjv,org_xll4zklo,availability,medium,2025-08-13,2025-08-14,3.0,False
tkt_u2cgxu5w,org_1swjckjl,billing,high,2025-06-28,2025-07-06,3.0,False
tkt_ahzg85s9,org_zbikcidk,integration,high,2025-08-25,2025-08-29,4.0,False
tkt_asj21gtc,org_t9nt3w5u,usability,high,2025-08-04,,3.0,False
tkt_hygtmov6,org_wnnhj7xv,billing,medium,2025-07-06,2025-07-29,,False
tkt_ki4epxr9,org_1n13jcat,security,low,2025-07-03,2025-07-10,4.0,False
tkt_ogjegxey,org_rixa11dp,integration,high,2025-05-16,2025-05-16,3.0,False
tkt_eb900yeh,org_1n13jcat,billing,medium,2025-06-02,,3.0,False
tkt_8uxz3adh,org_l58kxo9t,performance,low,2025-08-30,2025-09-04,3.0,False
tkt_f025loxy,org_w3zp08j3,security,low,2025-07-13,2025-07-13,3.0,False
tkt_phwhm54x,org_trp0j43d,performance,low,2025-07-25,2025-07-27,4.0,False
tkt_r8pjpf24,org_5iqvnb4g,performance,critical,2025-06-25,2025-07-17,2.0,False
tkt_0shdkkg1,org_dzr1yxr2,performance,medium,2025-06-22,2025-07-06,3.0,False
tkt_r1cqkih5,org_g0fn9xuy,integration,medium,2025-08-11,2025-08-21,4.0,False
tkt_48jrpe2x,org_t9nt3w5u,usability,low,2025-08-21,2025-09-01,4.0,False
tkt_n9txfjnj,org_ir4cowgz,integration,critical,2025-05-14,,,False
tkt_d5sloc8d,org_fel6246h,performance,high,2025-06-01,2025-06-19,,True
tkt_6ji874u7,org_dbdw2pcn,integration,medium,2025-05-31,2025-06-05,3.0,False
tkt_7w9a8lyt,org_pac56t4u,integration,medium,2025-08-05,2025-08-05,3.0,False
tkt_uagdl1j2,org_ofqewaou,usability,medium,2025-08-13,2025-08-13,3.0,False
tkt_vwy8umnw,org_x7eedtjv,availability,medium,2025-07-27,,,False
tkt_6l4m1trp,org_uzfk8ut0,performance,high,2025-08-18,2025-08-23,2.0,False
tkt_uyd6i5ho,org_nam148p0,integration,low,2025-07-15,,0.0,False
tkt_9cy9pe0h,org_pht0hl9x,usability,low,2025-05-14,2025-05-15,4.0,False
tkt_dj7o9x66,org_dzr1yxr2,billing,high,2025-05-25,,,False
tkt_d7wdjv07,org_teiyzcot,availability,high,2025-07-13,2025-07-15,,True
tkt_irjg107r,org_5lxo6qji,security,low,2025-05-10,2025-05-11,4.0,False
tkt_925dsiua,org_pvs7hzio,security,low,2025-05-22,2025-05-22,3.0,False
tkt_z71uf09u,org_pac56t4u,security,low,2025-05-10,2025-05-18,4.0,False
tkt_yg3ibg3h,org_y9v86wzs,availability,low,2025-07-21,2025-07-28,4.0,False
tkt_kcqwb00n,org_i7p5tb94,billing,medium,2025-06-02,2025-06-03,3.0,True
tkt_114py4fn,org_ktakpuxq,security,medium,2025-06-22,,2.0,True
tkt_gbg4pdfc,org_3t60rjiw,integration,low,2025-07-14,2025-07-15,4.0,False
tkt_opzfzz5t,org_tvhhpbmy,integration,high,2025-05-10,2025-05-11,6.0,False
tkt_6v8vlq3v,org_phr62gds,performance,medium,2025-06-24,2025-06-26,2.0,False
tkt_xhqg4qlv,org_8mdd4v30,performance,medium,2025-08-19,,0.0,True
tkt_724hk1qd,org_cwi64ciy,billing,low,2025-07-18,,,False
tkt_u2eb0t4u,org_7e8g8jdp,usability,medium,2025-06-07,,1.0,False
tkt_oxz3bg52,org_9t84azyt,security,medium,2025-07-17,2025-07-22,2.0,False
tkt_ib4tctds,org_253j2d54,integration,high,2025-07-26,2025-07-31,3.0,False
tkt_djt3br4f,org_afeyuhz1,usability,high,2025-06-22,2025-06-29,4.0,False
tkt_2zdfppwc,org_ykl1cq99,performance,medium,2025-07-16,,,True
tkt_1qy9mbaa,org_wm31yiha,integration,high,2025-08-21,2025-08-21,4.0,False
tkt_xa3bl13v,org_874frhoc,integration,medium,2025-07-19,2025-07-22,4.0,False
tkt_cg8d2tn2,org_hv3a3zmf,performance,medium,2025-07-02,2025-07-04,2.0,False
tkt_0vz9ly2s,org_1n13jcat,security,medium,2025-05-24,2025-05-24,2.0,False
tkt_kkftfytk,org_zhwjr64d,billing,low,2025-06-05,2025-06-07,4.0,True
tkt_s1f3kwbn,org_pja1wj0t,usability,medium,2025-06-02,2025-06-08,1.0,False
tkt_bpavajim,org_nam148p0,availability,low,2025-05-14,2025-05-15,,False
tkt_mnstouif,org_chj755nf,billing,low,2025-08-25,2025-09-03,4.0,False
tkt_jilxn32n,org_fel6246h,security,low,2025-07-24,2025-07-29,,False
tkt_bzwbho4u,org_pac56t4u,performance,low,2025-06-21,2025-06-30,2.0,False
tkt_w2aww77g,org_nam148p0,integration,medium,2025-05-23,2025-05-25,2.0,False
tkt_cjbeo4eu,org_41ibljh7,security,low,2025-07-31,,4.0,False
tkt_tawj4g8r,org_g0fn9xuy,performance,low,2025-05-14,2025-05-15,,False
tkt_7sn1tcjf,org_5iqvnb4g,performance,low,2025-06-28,2025-06-28,3.0,True
tkt_czwkguy0,org_i7p5tb94,billing,medium,2025-07-18,,4.0,False
tkt_ofipzn0t,org_h2m5zja8,billing,low,2025-06-23,2025-06-27,,False
tkt_hl2c53k9,org_x7eedtjv,integration,medium,2025-05-18,,,False
tkt_om115boi,org_d14ve92m,billing,low,2025-05-11,2025-05-11,4.0,False
tkt_ymyk86ad,org_wm31yiha,billing,low,2025-07-25,2025-07-30,6.0,False
tkt_nokku3s7,org_dbdw2pcn,performance,medium,2025-06-07,,,False
tkt_10nusg9l,org_ktakpuxq,usability,low,2025-05-29,2025-06-10,3.0,False
tkt_9q3cybyc,org_teiyzcot,billing,low,2025-06-30,2025-07-02,3.0,False
tkt_4i6h1m3j,org_xaji0y6d,availability,medium,2025-06-09,2025-06-11,3.0,False
tkt_lzohfddv,org_cvs4f8cg,usability,medium,2025-06-15,2025-06-18,,True
tkt_sz2tvhvw,org_zhwjr64d,integration,medium,2025-05-29,2025-06-18,2.0,False
tkt_hholi540,org_l58kxo9t,security,low,2025-06-14,2025-06-14,,False
tkt_87ws1loq,org_l58kxo9t,performance,low,2025-07-12,2025-07-13,4.0,False
tkt_sot56ag3,org_xll4zklo,availability,medium,2025-07-10,,5.0,False
tkt_9bd2eev7,org_hv3a3zmf,performance,low,2025-06-17,2025-06-19,5.0,False
tkt_inrzjk9e,org_n9j2qp89,availability,critical,2025-07-29,2025-08-08,3.0,False
tkt_0oawhn2e,org_53lc58dr,availability,high,2025-07-10,2025-07-11,3.0,False
tkt_clces1kt,org_5iqvnb4g,performance,low,2025-06-25,2025-07-01,3.0,False
tkt_ior4v1og,org_5lxo6qji,availability,high,2025-06-16,2025-06-17,5.0,False
tkt_07vscqmp,org_wm31yiha,availability,high,2025-07-11,2025-07-28,6.0,False
tkt_d7z4kso0,org_pac56t4u,usability,medium,2025-08-25,2025-08-30,1.0,False
tkt_3w2mrop2,org_wm31yiha,security,low,2025-08-09,2025-08-12,2.0,False
tkt_byee2abg,org_rixa11dp,billing,medium,2025-05-16,,2.0,False
tkt_9sho5d5a,org_dhylurtp,usability,low,2025-05-30,,,False
tkt_fql0dgh6,org_okep7y6w,usability,low,2025-08-19,2025-08-21,3.0,False
tkt_m3sgur4p,org_okep7y6w,security,medium,2025-07-05,2025-07-18,,False
tkt_u6w93k8e,org_8mdd4v30,security,low,2025-05-28,,,False
tkt_kt292mi5,org_x7eedtjv,performance,high,2025-08-21,,,True
tkt_60tohxwe,org_zhwjr64d,availability,high,2025-06-20,2025-06-20,3.0,False
tkt_dnya3s9u,org_xll4zklo,security,medium,2025-05-29,,2.0,False
tkt_cku7zqj3,org_xll4zklo,availability,medium,2025-06-09,2025-06-10,2.0,False
tkt_ovu7pw35,org_4zw9xa3k,integration,low,2025-05-21,2025-05-26,4.0,False
tkt_x3x10y14,org_wm31yiha,performance,medium,2025-07-31,2025-08-03,3.0,False
tkt_dsf2uwuf,org_pac56t4u,performance,low,2025-08-29,2025-09-01,5.0,False
tkt_uk15u248,org_ohp6vz41,availability,low,2025-05-12,2025-05-20,3.0,False
tkt_6d43i21p,org_i3qk2iag,billing,high,2025-06-21,2025-06-24,,False
tkt_u8bwaufx,org_a7tz0ync,security,low,2025-08-10,2025-08-15,4.0,True
tkt_qp6xghu9,org_rixa11dp,security,low,2025-07-16,2025-07-17,3.0,False
tkt_ivlx6x6s,org_7e8g8jdp,security,medium,2025-05-15,2025-05-17,3.0,False
tkt_xua3kamo,org_x7eedtjv,integration,medium,2025-08-09,,5.0,False
tkt_x96upb22,org_9t84azyt,performance,high,2025-07-13,2025-07-14,4.0,False
tkt_o1tfxdtu,org_wm31yiha,usability,medium,2025-05-28,2025-06-01,4.0,False
tkt_mw7hu3d3,org_pvs7hzio,performance,high,2025-07-29,2025-08-03,,False
tkt_513lm7e4,org_xll4zklo,usability,medium,2025-08-04,,,False
tkt_1ofv14j6,org_zbikcidk,integration,medium,2025-05-23,,,False
tkt_43f1aysv,org_pvs7hzio,performance,high,2025-05-15,2025-05-19,3.0,False
tkt_6o9e9nhc,org_rixa11dp,security,low,2025-08-04,2025-08-06,5.0,False
tkt_gw33a8nc,org_rixa11dp,integration,high,2025-06-05,2025-06-18,,False
tkt_xcwc0bog,org_d14ve92m,billing,low,2025-05-18,2025-05-19,3.0,False
tkt_whupof0h,org_pht0hl9x,usability,low,2025-07-20,,3.0,False
tkt_karpkfzq,org_5lxo6qji,performance,high,2025-05-12,2025-05-15,,False
tkt_fo5yvmtd,org_trp0j43d,performance,low,2025-06-28,2025-06-29,4.0,False
tkt_503779u7,org_253j2d54,billing,low,2025-08-12,2025-08-12,3.0,True
tkt_c1a7yj8h,org_53lc58dr,usability,low,2025-06-23,2025-06-25,3.0,False
tkt_qde7m7h6,org_w3zp08j3,integration,low,2025-08-30,2025-09-01,,False
tkt_oq7qh96y,org_pht0hl9x,integration,critical,2025-05-31,,3.0,False
tkt_cfnhp39l,org_vyie6ivw,availability,high,2025-06-27,2025-07-02,2.0,False
tkt_qt9ngq6t,org_dhylurtp,usability,critical,2025-06-21,2025-06-23,4.0,False
tkt_lv0gub5k,org_4zw9xa3k,availability,low,2025-07-09,2025-07-09,3.0,False
tkt_b3pkbqy3,org_5lxo6qji,usability,low,2025-07-07,2025-07-08,4.0,False
tkt_ot760rs6,org_i3qk2iag,usability,low,2025-05-11,2025-05-11,,False
tkt_c4x56v3d,org_7e8g8jdp,performance,medium,2025-08-01,2025-08-06,3.0,True
tkt_gs9gt0r0,org_afeyuhz1,usability,low,2025-06-06,2025-06-11,3.0,False
tkt_vip35t54,org_5935a0l7,integration,low,2025-06-23,2025-06-25,5.0,False
tkt_gylbi18a,org_9t84azyt,availability,medium,2025-07-10,2025-07-11,2.0,False
tkt_2vzpy9qz,org_7e8g8jdp,usability,medium,2025-06-18,2025-06-20,,False
tkt_o7io2f2n,org_1swjckjl,availability,medium,2025-06-06,2025-06-06,3.0,True
tkt_atd4gwlf,org_c11ertj5,billing,low,2025-07-23,2025-07-23,,False
tkt_9yxam97y,org_9mx2x18h,billing,high,2025-05-16,2025-05-18,5.0,False
tkt_ofcx7cul,org_dbdw2pcn,billing,low,2025-08-30,2025-09-04,4.0,False
tkt_oqvbv1jp,org_l58kxo9t,security,low,2025-06-18,2025-07-03,,False
tkt_vktaf6bl,org_5935a0l7,availability,low,2025-08-03,2025-08-16,4.0,False
tkt_bv0xt9vy,org_pbhsahxt,billing,high,2025-06-01,2025-06-06,2.0,False
tkt_ske5m0sw,org_he7ur23g,availability,low,2025-08-15,2025-08-17,,False
tkt_xkqtq36z,org_c11ertj5,security,low,2025-07-14,,3.0,False
tkt_pmg6ooh1,org_pseimvih,integration,low,2025-06-11,,4.0,False
tkt_xawj28cw,org_dbdw2pcn,integration,medium,2025-08-13,2025-08-14,1.0,False
tkt_9rtnfw6s,org_uzfk8ut0,performance,medium,2025-07-26,2025-07-28,1.0,False
tkt_zf4lur02,org_ofqewaou,integration,low,2025-07-26,2025-07-27,5.0,False
tkt_tyaxy2nz,org_cwi64ciy,billing,low,2025-08-23,2025-08-29,,False
tkt_5x51o0lq,org_4zw9xa3k,integration,medium,2025-08-23,2025-08-28,,False
tkt_byg6g04j,org_w3zp08j3,performance,critical,2025-08-23,2025-08-24,4.0,False
tkt_gsqof3wg,org_pht0hl9x,billing,medium,2025-05-15,2025-05-16,3.0,False
tkt_i8y0423h,org_cwi64ciy,availability,low,2025-08-12,2025-08-13,1.0,False
tkt_7t6udojy,org_wm31yiha,performance,low,2025-07-14,2025-07-18,5.0,True
tkt_6g107g8o,org_ykl1cq99,availability,low,2025-07-16,,4.0,False
tkt_8g8hzmvy,org_h2m5zja8,security,high,2025-08-10,2025-08-25,4.0,False
tkt_d47dznax,org_ohp6vz41,security,medium,2025-08-06,2025-08-07,5.0,False
tkt_s88ualry,org_0lzjjege,billing,low,2025-06-11,,4.0,True
tkt_3igweysu,org_pac56t4u,performance,low,2025-07-13,2025-07-13,5.0,False
tkt_7errbszu,org_9mx2x18h,performance,low,2025-06-13,2025-06-23,,False
tkt_jb4hllql,org_ohp6vz41,availability,high,2025-06-07,,3.0,False
tkt_ld0n53r4,org_om5igqpk,billing,low,2025-05-14,2025-05-24,5.0,False
tkt_sip4b8j4,org_5iqvnb4g,usability,medium,2025-06-08,2025-06-09,5.0,False
tkt_zxd82bmq,org_tvhhpbmy,integration,critical,2025-07-30,2025-08-04,3.0,False
tkt_w8evrc0e,org_cvs4f8cg,performance,low,2025-07-31,2025-08-02,,False
tkt_rje4s4mf,org_5iqvnb4g,usability,medium,2025-08-17,2025-08-19,2.0,True
tkt_el33pcl1,org_874frhoc,availability,low,2025-07-03,,4.0,True
tkt_s2qpkgrm,org_w3zp08j3,integration,critical,2025-08-08,,3.0,False
tkt_m0ytmv82,org_pja1wj0t,billing,medium,2025-05-23,2025-06-06,0.0,False
tkt_lzwge868,org_t1ghr09s,performance,low,2025-06-06,2025-06-24,,False
tkt_3ple45b2,org_wm31yiha,usability,low,2025-06-14,2025-06-14,3.0,False
tkt_nixi8e55,org_pvs7hzio,billing,low,2025-06-03,2025-06-09,2.0,False
tkt_325cambh,org_vyie6ivw,usability,medium,2025-05-26,2025-05-31,4.0,False
tkt_wtgdk4sn,org_l58kxo9t,availability,medium,2025-07-26,2025-08-01,,False
tkt_v9rr49hq,org_ohp6vz41,usability,high,2025-08-11,2025-08-12,,False
tkt_wp8xfans,org_zbikcidk,security,low,2025-08-16,,4.0,False
tkt_0gnh8s2g,org_ktakpuxq,billing,medium,2025-06-16,2025-06-16,,False
tkt_t30gchf4,org_ktakpuxq,billing,low,2025-08-05,2025-08-07,2.0,False
tkt_akdnadij,org_9mx2x18h,security,medium,2025-05-23,,4.0,False
tkt_fzqafqsd,org_i7p5tb94,billing,low,2025-05-10,2025-05-10,,False
tkt_q26rl0nw,org_afeyuhz1,integration,high,2025-07-01,2025-07-03,,False
tkt_rn57lws1,org_ykl1cq99,security,low,2025-05-29,2025-05-30,,False
tkt_yq6t0otg,org_pvs7hzio,billing,medium,2025-05-24,2025-05-29,,False
tkt_peqcyh20,org_hv3a3zmf,performance,medium,2025-05-23,2025-05-26,3.0,False
tkt_7x887lgu,org_5935a0l7,integration,medium,2025-08-16,2025-08-16,4.0,False
tkt_uw05802x,org_5lxo6qji,usability,low,2025-08-18,2025-08-24,3.0,False
tkt_vxitifxz,org_pac56t4u,performance,low,2025-07-08,2025-07-09,3.0,False
tkt_iu6hulpr,org_l58kxo9t,availability,high,2025-07-06,2025-07-11,5.0,False
tkt_x05h3k7u,org_kdgigatj,performance,low,2025-08-19,,,False
tkt_jj31w0gq,org_teiyzcot,availability,low,2025-07-07,2025-07-13,,False
tkt_34pggcbi,org_okep7y6w,integration,low,2025-07-02,2025-07-08,,False
tkt_6qsrer6l,org_4zw9xa3k,usability,low,2025-06-06,,4.0,False
tkt_uu6if31d,org_fel6246h,performance,medium,2025-07-28,2025-07-29,5.0,False
tkt_2o25tg5j,org_ujv6oh9s,usability,low,2025-06-19,2025-06-24,4.0,False
tkt_tv75ssum,org_ohp6vz41,integration,low,2025-05-22,,3.0,False
tkt_h0znsgwo,org_dppq0y9d,security,high,2025-06-19,2025-06-26,,False
tkt_c4191hkk,org_4zw9xa3k,availability,medium,2025-08-02,2025-08-09,,False
tkt_7x34udc4,org_5iqvnb4g,availability,medium,2025-06-23,2025-06-23,,False
tkt_fh065afu,org_sg65kxvf,usability,medium,2025-06-19,2025-06-28,6.0,False
tkt_20vmakrx,org_teiyzcot,billing,high,2025-06-08,2025-06-12,3.0,False
tkt_0gwhaoqh,org_xaji0y6d,integration,medium,2025-07-27,,6.0,False
tkt_vd8fbffh,org_ly8ozcyw,availability,low,2025-05-29,2025-06-02,3.0,False
tkt_eyzqqxbv,org_1swjckjl,usability,medium,2025-06-14,2025-06-16,,True
tkt_0deoegez,org_cvs4f8cg,performance,low,2025-07-11,2025-07-19,5.0,False
tkt_q0x717hw,org_t9nt3w5u,availability,high,2025-07-12,2025-07-15,2.0,False
tkt_0bupmtxq,org_wnnhj7xv,billing,medium,2025-08-03,2025-08-13,1.0,False
tkt_531d1kdk,org_ktakpuxq,security,low,2025-08-09,2025-08-11,,False
tkt_2ywfmax9,org_a7tz0ync,integration,medium,2025-08-28,2025-09-03,3.0,False
tkt_fke4vzn8,org_ktakpuxq,performance,medium,2025-06-14,2025-06-14,3.0,False
tkt_z4c0x2hy,org_0lzjjege,availability,high,2025-06-20,,1.0,False
tkt_vezrad8e,org_i3qk2iag,billing,low,2025-07-17,2025-07-18,,False
tkt_jpmlnl7h,org_pac56t4u,usability,medium,2025-05-12,2025-05-17,2.0,False
tkt_a752a97p,org_he7ur23g,availability,low,2025-06-25,2025-06-27,,False
tkt_nfircvcz,org_om5igqpk,availability,low,2025-07-13,2025-07-15,,False
tkt_8p5aiekx,org_y9v86wzs,availability,low,2025-05-27,2025-06-01,4.0,False
tkt_6mj53yxh,org_ofqewaou,availability,medium,2025-05-10,,,False
tkt_zkiew6or,org_ly8ozcyw,integration,high,2025-05-23,2025-05-31,3.0,False
tkt_6xn6lcpy,org_ir4cowgz,performance,critical,2025-05-17,,5.0,False
tkt_9npgird4,org_zhwjr64d,billing,medium,2025-06-12,2025-06-16,3.0,True
tkt_jpdt12sb,org_dzr1yxr2,usability,low,2025-05-26,2025-06-02,,False
tkt_a62tdo1d,org_gv0e38da,integration,low,2025-06-08,2025-06-10,3.0,False
tkt_fsts3yqf,org_0lvsnujz,security,low,2025-07-08,2025-07-08,4.0,False
tkt_bz9zqhbq,org_afeyuhz1,performance,medium,2025-07-27,2025-08-01,0.0,False
tkt_iqicb5nt,org_41ibljh7,integration,low,2025-08-29,2025-09-11,,True
tkt_jk2gzaug,org_pht0hl9x,performance,high,2025-05-29,2025-06-01,3.0,False
tkt_ttmppjbe,org_id25owf7,usability,low,2025-06-11,2025-06-19,3.0,False
tkt_ahy5ho37,org_wnnhj7xv,billing,low,2025-05-15,2025-05-26,4.0,False
tkt_pjpo3cvs,org_jxepq85j,billing,low,2025-05-30,2025-06-02,5.0,False
tkt_3zrb9opl,org_9t84azyt,integration,low,2025-08-06,2025-08-07,,True
tkt_lv12bvxe,org_5iqvnb4g,usability,low,2025-07-09,2025-07-14,,False
tkt_jaxvt7cz,org_5iqvnb4g,billing,medium,2025-08-18,2025-08-23,3.0,False
tkt_14wjai9c,org_pht0hl9x,usability,high,2025-05-14,,5.0,False
tkt_2bvs3k33,org_dhylurtp,performance,medium,2025-06-20,,3.0,False
tkt_7ov9wxhv,org_afeyuhz1,integration,medium,2025-08-27,2025-08-31,4.0,False
tkt_y3nukond,org_ktakpuxq,availability,medium,2025-06-26,2025-06-27,4.0,True
tkt_hkbrjigl,org_1n13jcat,performance,high,2025-06-07,2025-06-11,4.0,True
tkt_g08yvu69,org_ykl1cq99,integration,high,2025-08-04,,,False
tkt_qaz6fp9x,org_1swjckjl,security,medium,2025-08-11,2025-08-20,,False
tkt_aqs3tgdb,org_xll4zklo,billing,medium,2025-08-13,2025-08-21,6.0,False
tkt_fxa2wd77,org_pnsm43d8,usability,critical,2025-08-04,,2.0,False
tkt_72iy1uv5,org_h2m5zja8,security,medium,2025-05-12,2025-05-12,5.0,False
tkt_2qfe980t,org_cvs4f8cg,billing,low,2025-06-03,2025-06-07,,False
tkt_w87s3487,org_0lvsnujz,usability,low,2025-07-20,,,False
tkt_6ke1q5ms,org_rixa11dp,billing,low,2025-06-30,2025-07-02,6.0,False
tkt_7upspag3,org_9t84azyt,integration,medium,2025-06-06,2025-06-15,2.0,False
tkt_jbrrd44n,org_0lvsnujz,performance,critical,2025-05-25,2025-05-28,,False
tkt_dvdxdf6y,org_ofqewaou,usability,critical,2025-08-28,2025-09-04,3.0,False
tkt_v2vp6f0o,org_he7ur23g,security,high,2025-08-05,,4.0,False
tkt_7y4xbbmz,org_axeqbnhl,performance,critical,2025-07-12,,3.0,False
tkt_j22pmb6x,org_pja1wj0t,availability,low,2025-06-15,2025-06-25,5.0,False
tkt_gk6yulnd,org_1t2tala7,billing,medium,2025-08-03,,3.0,False
tkt_7u4xxgx5,org_wnnhj7xv,billing,high,2025-05-11,2025-06-03,,False
tkt_7zkvnijw,org_afeyuhz1,integration,high,2025-08-21,,,False
tkt_aqlcaudf,org_nam148p0,usability,medium,2025-07-14,2025-07-17,3.0,False
tkt_9m13otes,org_4zw9xa3k,usability,low,2025-06-04,2025-06-09,,False
tkt_u2httsw5,org_zbikcidk,performance,medium,2025-06-16,2025-06-19,2.0,False
tkt_ejr91qup,org_5lxo6qji,integration,medium,2025-07-13,2025-07-15,3.0,False
tkt_wckh3v10,org_1swjckjl,security,medium,2025-08-12,,1.0,False
tkt_m1v395zd,org_cvs4f8cg,billing,low,2025-08-15,2025-08-17,2.0,True
tkt_hz6m9bju,org_ujv6oh9s,performance,critical,2025-07-21,2025-08-13,2.0,False
tkt_dl3af6kk,org_5iqvnb4g,security,high,2025-08-17,2025-08-22,4.0,False
tkt_fedlbgkb,org_3t60rjiw,integration,critical,2025-05-19,2025-05-20,3.0,False
tkt_uoc1r601,org_wm31yiha,integration,low,2025-08-18,2025-08-19,3.0,False
tkt_ejt1wt80,org_nam148p0,performance,medium,2025-06-15,2025-06-15,,False
tkt_5qtdcjs9,org_rixa11dp,integration,medium,2025-07-06,2025-07-07,4.0,False
tkt_24w7w8tw,org_4zw9xa3k,usability,high,2025-06-21,2025-07-01,,False
tkt_t2i9owp7,org_he7ur23g,integration,medium,2025-06-17,2025-06-28,,False
tkt_nl6dmjlx,org_41ibljh7,integration,medium,2025-08-07,2025-08-09,3.0,False
tkt_dw0ycyrn,org_1n13jcat,availability,high,2025-05-18,,4.0,True
tkt_znzmccyc,org_xaji0y6d,performance,low,2025-06-13,2025-06-17,3.0,False
tkt_3t13hloz,org_t9nt3w5u,availability,high,2025-06-12,2025-06-12,2.0,False
tkt_esjncrbv,org_trp0j43d,integration,low,2025-07-13,2025-07-25,5.0,False
tkt_xketugkn,org_0lvsnujz,usability,medium,2025-06-28,2025-06-28,4.0,False
tkt_n520uprb,org_w3zp08j3,availability,medium,2025-08-15,2025-08-19,2.0,False
tkt_2ja2lpn1,org_c11ertj5,usability,high,2025-05-20,2025-05-22,4.0,False
tkt_m6u2llh2,org_g8sbi4q2,billing,low,2025-08-26,2025-09-04,0.0,False
tkt_2be4n252,org_kdgigatj,billing,high,2025-08-04,,5.0,False
tkt_4gpzbomv,org_fel6246h,availability,low,2025-07-06,2025-07-10,3.0,False
tkt_ibzyfggk,org_0lvsnujz,security,high,2025-08-12,2025-08-17,5.0,False
tkt_82p5yro1,org_om5igqpk,usability,medium,2025-05-24,2025-05-26,3.0,False
tkt_wodgzdn9,org_dppq0y9d,billing,low,2025-05-30,2025-06-02,4.0,False
tkt_s8tsnc19,org_zbikcidk,usability,low,2025-07-18,2025-07-25,3.0,True
tkt_arsoz9e5,org_ujv6oh9s,security,medium,2025-07-05,2025-07-06,,False
tkt_gv7p2a2q,org_ohp6vz41,integration,low,2025-08-10,2025-08-17,4.0,False
tkt_9ojf3c07,org_pbhsahxt,security,medium,2025-07-25,2025-07-26,5.0,False
tkt_bti1rimv,org_hv3a3zmf,usability,high,2025-06-03,2025-06-05,1.0,False
tkt_n1bt9wnj,org_ktakpuxq,usability,medium,2025-06-18,2025-06-29,5.0,False
tkt_sleu1s5n,org_x7eedtjv,availability,medium,2025-06-22,,,False
tkt_18bypknx,org_w3zp08j3,billing,low,2025-07-08,,5.0,True
tkt_mfh5e8fz,org_dbdw2pcn,security,low,2025-05-12,2025-05-20,2.0,False
tkt_q1w09yw3,org_wm31yiha,security,medium,2025-08-22,2025-08-27,,False
tkt_dp11ikx0,org_9mx2x18h,security,low,2025-05-27,2025-05-27,,False
tkt_rb5tngcr,org_chj755nf,security,high,2025-07-06,,2.0,False
tkt_zxc4vnib,org_sg65kxvf,billing,medium,2025-06-06,2025-06-11,5.0,False
tkt_lwbv2izs,org_kdgigatj,integration,low,2025-07-09,2025-07-13,7.0,False
tkt_fwi45a45,org_cwi64ciy,billing,critical,2025-07-27,2025-07-29,6.0,False
tkt_20szork6,org_gv0e38da,usability,low,2025-08-07,2025-08-09,4.0,False
tkt_4mgj78jp,org_dbdw2pcn,billing,low,2025-08-05,,4.0,False
tkt_3htncvhz,org_53lc58dr,availability,medium,2025-06-01,,4.0,False
tkt_tay12yiv,org_tvhhpbmy,performance,medium,2025-06-07,2025-06-09,3.0,False
tkt_fqsx502u,org_xaji0y6d,billing,high,2025-07-02,,,True
tkt_pvsf5yc9,org_rixa11dp,usability,high,2025-06-23,2025-06-23,4.0,False
tkt_luerjqen,org_1n13jcat,performance,low,2025-06-01,,,False
tkt_bd0v0njj,org_okep7y6w,usability,low,2025-07-29,2025-07-30,3.0,False
tkt_63xvfiud,org_gv0e38da,usability,medium,2025-07-04,2025-07-06,2.0,False
tkt_99xro37u,org_g0fn9xuy,performance,medium,2025-05-18,,4.0,False
tkt_9ssbu7ge,org_9mx2x18h,security,high,2025-06-29,2025-07-01,2.0,False
tkt_3ai6aynp,org_gv0e38da,billing,low,2025-05-25,2025-05-30,,False
tkt_e6swyu2r,org_ykl1cq99,billing,low,2025-05-12,,,False
tkt_nadkn2k7,org_g8sbi4q2,availability,low,2025-06-03,,3.0,False
tkt_it7xxdsb,org_c11ertj5,availability,low,2025-07-11,2025-07-11,6.0,False
tkt_rp14xhl5,org_nam148p0,usability,medium,2025-05-24,,,False
tkt_v32bh1a4,org_9t84azyt,security,medium,2025-06-03,,,False
tkt_ogn378vp,org_0lvsnujz,usability,high,2025-06-08,2025-06-20,,False
tkt_cayp9ypd,org_wm31yiha,billing,critical,2025-07-21,2025-07-24,,False
tkt_ax6kdd49,org_dhylurtp,integration,high,2025-07-24,2025-07-26,5.0,False
tkt_ik3tdw7v,org_pac56t4u,billing,high,2025-05-15,,,False
tkt_1qsa11pt,org_a7tz0ync,usability,low,2025-06-27,2025-06-29,0.0,False
tkt_kftuwfv2,org_7e8g8jdp,billing,high,2025-08-03,2025-08-05,,False
tkt_ttuswety,org_ofqewaou,performance,low,2025-08-09,,4.0,True
tkt_x2cb2pn4,org_9mx2x18h,billing,medium,2025-05-19,2025-05-19,,False
tkt_u6ave7e5,org_he7ur23g,usability,low,2025-08-11,2025-08-18,4.0,False
tkt_1m4wu3ga,org_teiyzcot,performance,low,2025-05-27,2025-05-31,6.0,False
tkt_9ta76nfc,org_ujv6oh9s,availability,low,2025-08-18,2025-08-19,5.0,False
tkt_qml8qqzy,org_pnsm43d8,integration,low,2025-07-01,,3.0,False
tkt_ekv2dy4t,org_ir4cowgz,performance,low,2025-06-22,2025-07-23,3.0,False
tkt_kvv7pgf7,org_chj755nf,security,high,2025-08-26,,3.0,False
tkt_mvq356j0,org_pac56t4u,integration,high,2025-07-15,2025-07-16,4.0,False
tkt_je3mkr4l,org_tvhhpbmy,billing,low,2025-07-23,2025-08-01,3.0,False
tkt_2e4f4n3z,org_pht0hl9x,performance,high,2025-06-25,2025-06-27,0.0,False
tkt_a0co76o8,org_5lxo6qji,performance,medium,2025-06-11,2025-06-15,3.0,False
tkt_qhe4qgfu,org_tvhhpbmy,usability,high,2025-07-03,2025-07-21,2.0,False
tkt_lz2ads83,org_0lvsnujz,security,low,2025-08-27,2025-08-29,5.0,True
tkt_gyziepo7,org_1swjckjl,performance,low,2025-08-14,,,False
tkt_72nrcmuz,org_om5igqpk,availability,low,2025-06-24,2025-06-27,,False
tkt_8du9v45d,org_wnnhj7xv,availability,medium,2025-07-10,2025-07-12,3.0,False
tkt_3dgc50i3,org_1t2tala7,availability,low,2025-06-08,,,False
tkt_2buhbcpl,org_a7tz0ync,availability,medium,2025-06-23,2025-06-27,2.0,False
tkt_a8jz9ds2,org_pac56t4u,integration,medium,2025-07-16,2025-07-29,4.0,False
tkt_ulk3fuqv,org_xaji0y6d,integration,low,2025-08-13,2025-08-13,3.0,False
tkt_u5oej81o,org_t1ghr09s,availability,high,2025-07-22,2025-07-24,2.0,False
tkt_082sfr23,org_kdgigatj,usability,low,2025-07-15,2025-07-26,3.0,False
tkt_c60cjbmu,org_9t84azyt,performance,medium,2025-06-04,2025-06-06,,False
tkt_vhgqk820,org_5iqvnb4g,availability,low,2025-07-23,2025-07-24,,False
tkt_ps5i5fto,org_g0fn9xuy,integration,medium,2025-05-20,,3.0,False
tkt_jtbpgt99,org_ktakpuxq,performance,medium,2025-06-29,2025-06-29,3.0,False
tkt_67st8li7,org_dhylurtp,performance,low,2025-07-31,,,False
tkt_2w4oebmq,org_0lzjjege,billing,low,2025-07-14,2025-07-19,,False
tkt_pjbmwmno,org_c11ertj5,security,medium,2025-08-16,2025-08-16,3.0,False
tkt_hg3vtl1d,org_3t60rjiw,availability,medium,2025-08-12,2025-08-17,,False
tkt_rz0xv6dd,org_5iqvnb4g,security,low,2025-07-06,2025-07-06,5.0,True
tkt_d27d9alk,org_ktakpuxq,availability,low,2025-07-18,2025-07-24,4.0,False
tkt_7ybzgazn,org_wm31yiha,usability,low,2025-06-24,2025-06-26,3.0,False
tkt_i37zcgac,org_3t60rjiw,billing,high,2025-05-17,2025-05-21,,False
tkt_epl2u5cf,org_g8sbi4q2,integration,medium,2025-08-19,2025-08-25,0.0,False
tkt_p37cdhzg,org_41ibljh7,integration,medium,2025-08-10,,4.0,False
tkt_58xyjwwb,org_a7tz0ync,performance,low,2025-08-23,2025-08-30,4.0,False
tkt_k8r1z4qt,org_d14ve92m,integration,low,2025-08-31,2025-09-01,4.0,False
tkt_7zvnbi1c,org_9mx2x18h,billing,low,2025-06-05,2025-06-05,5.0,False
tkt_ao8w81ay,org_53lc58dr,usability,low,2025-08-20,2025-09-01,,False
tkt_uam75psz,org_0lzjjege,usability,medium,2025-06-30,2025-07-10,4.0,False
tkt_1ctw689m,org_41ibljh7,billing,low,2025-05-14,2025-05-17,2.0,False
tkt_w68m1inu,org_y9v86wzs,availability,medium,2025-05-17,2025-05-17,3.0,False
tkt_fncc8uux,org_kdgigatj,performance,low,2025-05-23,2025-05-24,3.0,False
tkt_op63ctzr,org_y9v86wzs,performance,medium,2025-07-29,2025-07-29,4.0,False
tkt_bzirjyz8,org_5935a0l7,performance,medium,2025-08-31,2025-09-19,1.0,False
tkt_xuku8nia,org_pja1wj0t,performance,high,2025-07-02,2025-07-08,1.0,False
tkt_rn4flhw3,org_pja1wj0t,security,medium,2025-07-03,2025-07-04,4.0,False
tkt_chnj6gdt,org_5935a0l7,performance,high,2025-06-01,2025-06-03,,False
tkt_gcg8zf2l,org_1n13jcat,availability,low,2025-06-05,,3.0,False
tkt_4c0bb6py,org_y9v86wzs,integration,low,2025-06-21,2025-06-26,1.0,False
tkt_ma1t6sif,org_41ibljh7,performance,low,2025-05-31,2025-06-08,,False
tkt_6dohe7ky,org_fel6246h,billing,medium,2025-08-07,,2.0,False
tkt_87q19u9q,org_d14ve92m,availability,medium,2025-06-11,2025-06-15,,False
tkt_44dvvpgb,org_xll4zklo,performance,low,2025-06-02,2025-06-04,3.0,False
tkt_8iy525fn,org_a7tz0ync,security,low,2025-05-20,,5.0,True
tkt_scqqavaq,org_i7p5tb94,security,medium,2025-08-18,2025-08-21,,False
tkt_dmfztgp8,org_4zw9xa3k,availability,low,2025-06-19,2025-06-21,2.0,False
tkt_d20gm62s,org_5iqvnb4g,usability,low,2025-07-10,2025-07-16,5.0,False
tkt_60yup1sh,org_okep7y6w,performance,critical,2025-06-30,2025-07-08,4.0,False
tkt_ntcvl0yq,org_253j2d54,integration,medium,2025-07-11,,3.0,False
tkt_zdubb9mi,org_g8sbi4q2,integration,critical,2025-08-05,2025-08-05,,False
tkt_t3vhtn7s,org_ktakpuxq,performance,medium,2025-05-21,2025-05-25,4.0,False
tkt_u62j8lbd,org_874frhoc,billing,low,2025-06-07,2025-06-17,3.0,False
tkt_sg1fbtwt,org_okep7y6w,integration,low,2025-05-23,2025-05-26,,False
tkt_w4ixfjjr,org_dbdw2pcn,security,medium,2025-08-11,2025-08-21,4.0,False
tkt_khe0sdp8,org_rixa11dp,integration,low,2025-08-24,,4.0,False
tkt_mvhaewab,org_zhwjr64d,usability,low,2025-06-12,2025-06-16,1.0,False
tkt_hb7zhezr,org_pvs7hzio,performance,low,2025-08-20,2025-08-23,3.0,False
tkt_4e5izb1e,org_hv3a3zmf,availability,medium,2025-07-31,,1.0,False
tkt_dmbjhy3m,org_pja1wj0t,billing,low,2025-06-12,2025-07-08,3.0,False
tkt_2i3qm6dt,org_8mdd4v30,availability,low,2025-05-17,2025-05-25,,False
tkt_ecafvo5y,org_dbdw2pcn,billing,medium,2025-08-21,,5.0,False
tkt_0qnv4f0t,org_1n13jcat,usability,medium,2025-05-29,2025-06-04,3.0,False
tkt_e2j403cn,org_t9nt3w5u,integration,medium,2025-06-09,2025-06-11,,False
tkt_fu2hersn,org_c11ertj5,usability,high,2025-06-08,,3.0,False
tkt_un446q16,org_zhwjr64d,usability,medium,2025-05-21,2025-05-30,2.0,False
tkt_nz7dsonk,org_pja1wj0t,usability,high,2025-08-23,2025-08-24,3.0,True
tkt_k1jxpp9y,org_dbdw2pcn,usability,low,2025-07-04,,,False
tkt_vgipaxnq,org_uzfk8ut0,availability,low,2025-06-28,2025-06-29,,False
tkt_ege5ekfh,org_874frhoc,security,high,2025-08-04,2025-08-07,2.0,False
tkt_oe3mxzjf,org_cwi64ciy,availability,low,2025-06-28,2025-07-05,3.0,False
tkt_y4w8tr98,org_zbikcidk,billing,medium,2025-06-15,2025-06-15,4.0,False
tkt_w07fil3d,org_dhylurtp,usability,medium,2025-07-13,2025-07-14,1.0,False
tkt_vyjhmie8,org_253j2d54,billing,medium,2025-05-21,2025-05-25,,True
tkt_989gncti,org_pvs7hzio,availability,low,2025-07-31,2025-08-03,4.0,False
tkt_jh33ic44,org_nam148p0,billing,high,2025-06-30,2025-07-02,3.0,False
tkt_tonznq06,org_ykl1cq99,performance,medium,2025-06-24,,2.0,False
tkt_ujlqv62j,org_fel6246h,availability,low,2025-06-27,2025-07-07,4.0,False
tkt_16w8minq,org_4zw9xa3k,usability,low,2025-05-26,,5.0,False
tkt_4o7vs8ch,org_kdgigatj,usability,low,2025-08-20,2025-08-20,4.0,True
tkt_kcmnt6u7,org_ykl1cq99,usability,medium,2025-05-23,2025-05-23,3.0,False
tkt_77ldm1vl,org_t1ghr09s,security,low,2025-07-13,2025-07-29,3.0,False
tkt_7uo4g4iq,org_cwi64ciy,integration,high,2025-05-17,2025-05-21,2.0,False
tkt_9enz9jn7,org_ykl1cq99,integration,low,2025-08-26,2025-09-03,3.0,False
tkt_k98xvi67,org_teiyzcot,usability,low,2025-05-26,2025-05-29,3.0,True
tkt_3kllzcuh,org_g0fn9xuy,security,high,2025-07-28,,1.0,False
tkt_1i8yatye,org_i7p5tb94,integration,high,2025-06-04,2025-06-12,4.0,False
tkt_737fentd,org_5lxo6qji,availability,low,2025-07-22,2025-07-23,5.0,False
tkt_7kfn8k6p,org_jxepq85j,performance,critical,2025-08-27,2025-08-29,4.0,False
tkt_62j4xybr,org_4zw9xa3k,availability,medium,2025-08-29,2025-09-02,3.0,True
tkt_xfx3at25,org_dhylurtp,security,low,2025-06-07,2025-06-08,2.0,False
tkt_3iqquolg,org_cwi64ciy,billing,medium,2025-07-23,2025-08-01,4.0,False
tkt_qe6xb1z3,org_53lc58dr,security,high,2025-05-27,2025-06-05,,False
tkt_37c7nxxb,org_5935a0l7,usability,critical,2025-07-22,,4.0,False
tkt_af4gellx,org_xaji0y6d,usability,high,2025-05-15,2025-05-19,,False
tkt_8eak8ye7,org_253j2d54,usability,medium,2025-06-11,2025-06-16,2.0,False
tkt_1twd96hh,org_5iqvnb4g,integration,critical,2025-07-22,2025-07-22,,False
tkt_wmf1gzvg,org_dhylurtp,security,high,2025-08-25,2025-08-25,6.0,False
tkt_042mz8m6,org_pac56t4u,integration,high,2025-06-10,2025-06-16,3.0,False
tkt_xhigx1pz,org_t9nt3w5u,billing,high,2025-08-07,2025-08-27,5.0,False
tkt_gsvanry6,org_cwi64ciy,integration,low,2025-05-20,,5.0,False
tkt_32iips8q,org_ykl1cq99,integration,low,2025-08-23,,,False
tkt_db9bgv2e,org_zbikcidk,integration,medium,2025-06-17,2025-06-21,5.0,False
tkt_sf4ndrfd,org_l58kxo9t,usability,high,2025-07-30,2025-08-04,3.0,False
tkt_x89i8ywg,org_d14ve92m,security,low,2025-06-14,2025-06-15,3.0,False
tkt_d4x4pzj4,org_phr62gds,billing,medium,2025-07-28,,3.0,False
tkt_2rl1eh8h,org_1swjckjl,integration,low,2025-06-25,2025-06-29,,False
tkt_yf87sw1k,org_zhwjr64d,availability,low,2025-08-08,2025-08-09,5.0,False
tkt_9m94uzxy,org_cwi64ciy,billing,high,2025-08-24,2025-08-25,1.0,False
tkt_4g8on3w9,org_1n13jcat,availability,medium,2025-07-19,2025-07-21,,False
tkt_hx6i62r2,org_1n13jcat,billing,medium,2025-05-18,,3.0,True
tkt_cxtjyrdi,org_pnsm43d8,availability,low,2025-08-11,2025-08-11,4.0,False
tkt_rl481xla,org_rixa11dp,performance,medium,2025-05-29,2025-05-29,3.0,False
tkt_xhnoc2xi,org_i7p5tb94,security,low,2025-06-30,,2.0,False
tkt_3rnc02bl,org_zbikcidk,billing,low,2025-06-06,2025-06-07,3.0,False
tkt_u27xnpzc,org_he7ur23g,performance,low,2025-06-27,2025-06-30,4.0,False
tkt_u7mpa7dz,org_ykl1cq99,usability,medium,2025-06-06,2025-06-07,3.0,False
tkt_vhltmgra,org_pvs7hzio,integration,medium,2025-08-26,2025-08-29,4.0,False
tkt_ejpfawxd,org_i3qk2iag,availability,high,2025-08-14,2025-08-16,5.0,False
tkt_0dl7u1p8,org_pja1wj0t,billing,low,2025-06-23,,,False
tkt_otxoushf,org_wm31yiha,availability,medium,2025-08-21,2025-08-23,2.0,False
tkt_rrcv1exy,org_5iqvnb4g,performance,medium,2025-06-06,,4.0,False
tkt_b8z8trtm,org_w3zp08j3,integration,low,2025-07-03,2025-07-03,2.0,False
tkt_477y6zle,org_afeyuhz1,integration,low,2025-07-14,2025-07-25,,False
tkt_d1lg8y2w,org_5lxo6qji,performance,critical,2025-06-21,,,False
tkt_gebec41r,org_afeyuhz1,availability,medium,2025-07-25,2025-07-25,2.0,True
tkt_n9uq7rza,org_8mdd4v30,security,low,2025-06-20,2025-06-24,2.0,False
tkt_puolxpou,org_fel6246h,integration,medium,2025-07-10,2025-07-13,,False
tkt_v75d3nmy,org_8mdd4v30,security,medium,2025-07-10,2025-07-14,4.0,False
tkt_b4bomzqb,org_vyie6ivw,security,low,2025-07-20,2025-07-22,2.0,False
tkt_09uw8pdw,org_vyie6ivw,usability,low,2025-06-20,2025-06-23,4.0,True
tkt_xezihzvz,org_y9v86wzs,performance,high,2025-07-09,2025-07-17,,False
tkt_gmffohk9,org_xaji0y6d,performance,low,2025-08-21,2025-08-24,,False
tkt_4w6wuumo,org_5935a0l7,availability,low,2025-05-27,2025-05-30,,False
tkt_7opklj67,org_n9j2qp89,performance,critical,2025-06-09,2025-06-09,4.0,False
tkt_0ljc6wo7,org_pht0hl9x,integration,medium,2025-07-29,,,False
tkt_v1iz4jqi,org_53lc58dr,integration,medium,2025-06-02,2025-06-03,1.0,False
tkt_55jsyxuf,org_874frhoc,performance,low,2025-07-25,2025-07-26,4.0,False
tkt_blpvr79y,org_pac56t4u,billing,low,2025-07-13,,3.0,False
tkt_t1s4jida,org_8mdd4v30,security,high,2025-06-18,2025-06-26,4.0,False
tkt_6ueyerbl,org_l58kxo9t,billing,low,2025-06-02,,4.0,False
tkt_6sgw2nrv,org_5lxo6qji,performance,high,2025-07-26,2025-07-29,3.0,False
tkt_4eibkpk7,org_om5igqpk,integration,medium,2025-05-27,2025-05-31,4.0,False
tkt_fvu3f0me,org_dppq0y9d,integration,high,2025-07-19,,4.0,False
tkt_e0q45tvg,org_gv0e38da,security,medium,2025-06-08,2025-06-09,,False
tkt_uw48tp37,org_x7eedtjv,availability,high,2025-08-07,2025-08-12,6.0,False
tkt_v7jmkjln,org_hv3a3zmf,integration,low,2025-07-14,,2.0,False
tkt_ditn5kg3,org_4zw9xa3k,security,low,2025-08-22,2025-09-06,3.0,False
tkt_fye4hqgo,org_dppq0y9d,usability,high,2025-07-19,2025-07-26,3.0,False
tkt_xaiqusy2,org_l58kxo9t,usability,low,2025-06-07,2025-06-12,,False
tkt_o33b29xz,org_ktakpuxq,integration,low,2025-07-07,2025-07-18,3.0,False
tkt_6uk18f2d,org_i3qk2iag,usability,critical,2025-07-02,2025-07-07,4.0,False
tkt_xr6cj9k4,org_pac56t4u,billing,low,2025-08-23,2025-08-23,4.0,False
tkt_ci248f3v,org_gv0e38da,performance,medium,2025-07-29,2025-07-29,2.0,False
tkt_kog1011h,org_hv3a3zmf,security,low,2025-06-28,2025-06-28,4.0,False
tkt_e9wieeo9,org_wm31yiha,integration,low,2025-05-17,,,True
tkt_h5ihjqcy,org_5935a0l7,security,high,2025-07-06,,3.0,False
tkt_ypq7a4fr,org_d14ve92m,usability,medium,2025-07-26,2025-07-31,4.0,False
tkt_v1l6cknc,org_l58kxo9t,usability,high,2025-07-08,2025-07-16,,False
tkt_7giu13gb,org_5lxo6qji,security,high,2025-05-21,2025-05-24,4.0,False
tkt_j72btq82,org_g8sbi4q2,performance,high,2025-05-19,2025-05-20,4.0,False
tkt_327aqff2,org_1t2tala7,billing,high,2025-05-25,,4.0,False
tkt_k5c3z6j5,org_pbhsahxt,billing,high,2025-06-26,,1.0,False
tkt_q1d7xylj,org_ofqewaou,usability,medium,2025-07-20,2025-07-28,3.0,True
tkt_d2v57bmt,org_9mx2x18h,availability,low,2025-07-07,,4.0,False
tkt_t7fywm5c,org_ohp6vz41,security,low,2025-08-28,2025-09-01,5.0,False
tkt_fv2vyn1k,org_53lc58dr,billing,medium,2025-07-28,,3.0,False
tkt_js08rwq1,org_ktakpuxq,usability,high,2025-07-26,,2.0,False
tkt_cgedbt8b,org_teiyzcot,usability,critical,2025-07-07,,2.0,False
tkt_z9t30b69,org_5lxo6qji,performance,low,2025-07-06,2025-07-11,4.0,False
tkt_c45ry27v,org_zhwjr64d,billing,low,2025-08-02,2025-08-05,3.0,True
tkt_mvwjmv06,org_dppq0y9d,integration,low,2025-07-03,,5.0,True
tkt_ddg680iu,org_ktakpuxq,security,medium,2025-08-28,2025-09-16,3.0,False
tkt_ga4fegyy,org_x7eedtjv,security,low,2025-07-24,2025-08-01,2.0,False
tkt_j5n860at,org_d14ve92m,performance,high,2025-07-28,,2.0,False
tkt_h9kp6ass,org_1swjckjl,availability,low,2025-06-02,2025-06-06,2.0,False
tkt_suljaf4w,org_pnsm43d8,billing,low,2025-08-17,,6.0,False
tkt_nsmw5gyr,org_g8sbi4q2,security,high,2025-07-09,2025-07-13,4.0,False
tkt_w6owh8vl,org_wm31yiha,security,medium,2025-08-10,,2.0,False
tkt_ig7r2fmf,org_n9j2qp89,security,low,2025-06-10,2025-06-11,5.0,False
tkt_p5md3exu,org_t9nt3w5u,security,low,2025-07-24,2025-07-25,4.0,False
tkt_7fkc781h,org_ly8ozcyw,security,medium,2025-07-08,2025-07-09,,False
tkt_fl1zopqz,org_5935a0l7,security,medium,2025-05-27,2025-06-09,4.0,True
tkt_fo30x8bn,org_l58kxo9t,performance,low,2025-07-25,,3.0,False
tkt_mjsxtdhd,org_rixa11dp,billing,high,2025-08-14,2025-08-16,2.0,False
tkt_x1bjt4zf,org_pja1wj0t,usability,medium,2025-08-22,2025-08-25,5.0,False
tkt_3d4d32nk,org_gv0e38da,performance,critical,2025-06-07,2025-06-10,4.0,False
tkt_x5zt5tt9,org_trp0j43d,billing,low,2025-06-04,,1.0,False
tkt_ka1dlucl,org_fel6246h,availability,high,2025-08-03,2025-08-09,2.0,False
tkt_le4a2g76,org_nam148p0,performance,low,2025-05-18,2025-05-19,,False
tkt_rwr3s18w,org_wm31yiha,performance,low,2025-07-03,,,False
tkt_k501epek,org_he7ur23g,performance,high,2025-07-28,2025-08-05,5.0,False
tkt_gvzpfcgl,org_kdgigatj,integration,low,2025-06-11,,3.0,False
tkt_ckwt2e07,org_w3zp08j3,integration,low,2025-06-04,2025-06-04,3.0,False
tkt_7u55d5q3,org_vyie6ivw,integration,critical,2025-07-20,,,True
tkt_ov9jydfz,org_zbikcidk,performance,low,2025-06-24,2025-06-29,1.0,False
tkt_dtc5payg,org_874frhoc,security,low,2025-07-26,,3.0,False
tkt_aa70tgo5,org_pnsm43d8,integration,medium,2025-06-12,2025-06-12,3.0,False
tkt_awlgitiz,org_c11ertj5,billing,medium,2025-06-26,,4.0,False
tkt_7tfp3g21,org_dzr1yxr2,availability,low,2025-05-10,2025-05-16,4.0,False
tkt_cqtp3174,org_uzfk8ut0,integration,medium,2025-06-05,2025-06-06,3.0,False
tkt_gu65s6y5,org_id25owf7,performance,low,2025-07-18,2025-07-24,,False
tkt_h3o0sw58,org_ktakpuxq,billing,low,2025-08-26,2025-08-26,2.0,False
tkt_611gqit8,org_4zw9xa3k,integration,medium,2025-06-04,,,False
tkt_d9gx2hiv,org_h2m5zja8,security,medium,2025-08-03,2025-08-10,,False
tkt_dts8mg00,org_1t2tala7,availability,low,2025-07-04,2025-07-13,5.0,False
tkt_crz17a8r,org_wnnhj7xv,billing,low,2025-05-22,2025-05-23,3.0,False
tkt_nxpwnua6,org_id25owf7,availability,low,2025-08-30,2025-08-31,1.0,False
tkt_tdxj1wqq,org_dppq0y9d,availability,medium,2025-08-11,2025-08-15,4.0,True
tkt_oqsd8p4x,org_he7ur23g,usability,medium,2025-08-08,2025-08-08,5.0,False
tkt_tkxgy93f,org_tvhhpbmy,integration,medium,2025-07-10,,3.0,False
tkt_on8ong5u,org_y9v86wzs,security,medium,2025-07-03,2025-07-05,3.0,False
tkt_dlhwv6fl,org_zbikcidk,billing,low,2025-08-03,2025-08-03,4.0,False
tkt_vywapke5,org_trp0j43d,availability,high,2025-06-28,2025-07-03,4.0,False
tkt_ajr1ov9c,org_9t84azyt,performance,medium,2025-06-23,2025-06-24,,False
tkt_pwrutvly,org_ohp6vz41,usability,low,2025-05-14,,3.0,True
tkt_jmwuocs2,org_jxepq85j,usability,critical,2025-06-08,2025-06-16,,False
tkt_24eqkq7m,org_pnsm43d8,billing,low,2025-08-04,2025-08-05,4.0,False
tkt_ou3dn1tj,org_ohp6vz41,billing,medium,2025-05-26,,4.0,False
tkt_l2fx35lg,org_hv3a3zmf,usability,low,2025-08-18,2025-08-20,4.0,False
tkt_49ffqokv,org_pht0hl9x,integration,medium,2025-07-08,2025-07-10,2.0,False
tkt_c4gtjs1a,org_t9nt3w5u,availability,low,2025-06-10,2025-06-22,5.0,False
tkt_5ugxbryt,org_pht0hl9x,billing,medium,2025-08-02,2025-08-17,,False
tkt_ivr40dm9,org_dppq0y9d,usability,medium,2025-06-14,2025-06-16,3.0,False
tkt_if826bhy,org_xaji0y6d,integration,medium,2025-08-25,,,False
tkt_z1ov5vxa,org_wnnhj7xv,integration,high,2025-06-26,2025-06-26,3.0,False
tkt_8mku1gpt,org_3t60rjiw,integration,medium,2025-05-24,2025-05-25,4.0,False
tkt_49pusrza,org_chj755nf,billing,high,2025-08-31,2025-09-02,4.0,True
tkt_eqoxbe1p,org_ohp6vz41,billing,medium,2025-05-15,2025-05-16,,False
tkt_5ei7k8ev,org_0lzjjege,billing,low,2025-07-14,2025-07-17,3.0,False
tkt_brx8u73n,org_vyie6ivw,performance,high,2025-07-18,2025-07-20,6.0,False
tkt_kbf2e6wp,org_a7tz0ync,performance,high,2025-08-08,2025-08-09,5.0,False
tkt_rlpg7gvl,org_tvhhpbmy,billing,critical,2025-08-24,,,False
tkt_hwxpbrrn,org_ykl1cq99,usability,low,2025-06-30,2025-07-06,2.0,False
tkt_tylvvld3,org_zbikcidk,performance,low,2025-06-21,,3.0,False
tkt_iia38k0h,org_t9nt3w5u,security,high,2025-08-25,,3.0,False
tkt_f36c0ox8,org_8mdd4v30,availability,high,2025-05-15,,3.0,False
tkt_7czr7xwq,org_sg65kxvf,performance,high,2025-06-14,2025-06-15,5.0,False
tkt_f1ttimly,org_trp0j43d,security,low,2025-07-16,,2.0,False
tkt_tgvkymzl,org_c11ertj5,billing,medium,2025-08-07,2025-08-08,5.0,True
tkt_o9lndcmb,org_afeyuhz1,performance,high,2025-08-03,2025-08-05,4.0,False
tkt_4bldqlq1,org_d14ve92m,billing,medium,2025-08-26,2025-09-17,2.0,False
tkt_wmfpt00e,org_d14ve92m,availability,medium,2025-07-17,2025-07-19,,False
tkt_2qmk3uhk,org_4zw9xa3k,performance,low,2025-05-25,2025-05-25,2.0,False
tkt_6hmrtieh,org_c11ertj5,integration,high,2025-06-05,2025-06-09,3.0,False
tkt_c2yix79p,org_1n13jcat,billing,medium,2025-05-29,2025-06-07,4.0,True
tkt_brtg6c2r,org_7e8g8jdp,security,medium,2025-08-10,2025-08-15,3.0,False
tkt_ra3plcgq,org_7e8g8jdp,security,critical,2025-07-29,2025-07-29,2.0,False
tkt_llx70r3s,org_9t84azyt,integration,low,2025-06-10,2025-06-11,4.0,False
tkt_dudprk5r,org_dbdw2pcn,usability,medium,2025-07-07,2025-07-07,3.0,True
tkt_0pnf3vcl,org_xaji0y6d,billing,high,2025-05-31,2025-06-01,1.0,False
tkt_hovu5wp8,org_w3zp08j3,availability,medium,2025-07-18,2025-07-29,3.0,False
tkt_mvu2yett,org_pac56t4u,billing,medium,2025-05-25,2025-05-28,3.0,False
tkt_ruti7zfz,org_g0fn9xuy,billing,low,2025-07-13,2025-07-21,5.0,False
tkt_tos6gkj7,org_rixa11dp,security,medium,2025-08-30,,,False
tkt_1k16y0up,org_41ibljh7,security,medium,2025-06-20,,5.0,False
tkt_u536lzms,org_pht0hl9x,integration,high,2025-07-04,,,False
tkt_804bfpv0,org_g8sbi4q2,usability,medium,2025-08-09,2025-08-10,4.0,False
tkt_v6443ktx,org_ir4cowgz,performance,low,2025-08-11,2025-08-17,3.0,False
tkt_6qcaluk8,org_rixa11dp,performance,low,2025-05-29,2025-05-29,4.0,False
