user_id,org_id,email,role,active,created_at,last_login
user_9tze5r5u,org_3t60rjiw,user_9tze5r5u@example.com,devops,True,2025-07-10,
user_qpgb7r3o,org_afeyuhz1,user_qpgb7r3o@example.com,developer,True,2025-07-15,2025-08-10
user_cwbfuk9e,org_ykl1cq99,user_cwbfuk9e@example.com,developer,True,2025-06-12,2025-07-26
user_1v2isqp4,org_g8sbi4q2,user_1v2isqp4@example.com,developer,False,2025-05-12,
user_9kwv08hh,org_pht0hl9x,user_9kwv08hh@example.com,ml_engineer,True,2025-08-01,2025-08-11
user_xfgcaqvk,org_pbhsahxt,user_xfgcaqvk@example.com,data_engineer,False,2025-07-26,2025-06-20
user_izzqy72w,org_41ibljh7,user_izzqy72w@example.com,data_engineer,True,2025-08-06,
user_x7ptx63c,org_5iqvnb4g,user_x7ptx63c@example.com,ml_engineer,True,2025-06-20,2025-06-03
user_fl0ukeyz,org_jxepq85j,user_fl0ukeyz@example.com,analyst,True,2025-06-13,2025-06-06
user_7srcbplj,org_8mdd4v30,user_7srcbplj@example.com,devops,True,2025-07-12,2025-07-28
user_d84u89yj,org_253j2d54,user_d84u89yj@example.com,ml_engineer,True,2025-06-28,2025-07-24
user_b1qx6gvw,org_n9j2qp89,user_b1qx6gvw@example.com,developer,True,2025-07-02,2025-07-19
user_rdmly4ly,org_pnsm43d8,user_rdmly4ly@example.com,ml_engineer,True,2025-06-13,2025-08-06
user_k83tqll8,org_pbhsahxt,user_k83tqll8@example.com,devops,True,2025-05-12,2025-07-19
user_os9xtogn,org_cwi64ciy,user_os9xtogn@example.com,analyst,True,2025-08-03,2025-08-01
user_1w1ht7pz,org_rixa11dp,user_1w1ht7pz@example.com,data_engineer,True,2025-08-05,2025-08-02
user_e9vifttd,org_zhwjr64d,user_e9vifttd@example.com,data_engineer,True,2025-07-27,2025-08-15
user_96qe3rzs,org_trp0j43d,user_96qe3rzs@example.com,analyst,True,2025-05-11,2025-08-02
user_j49itn7s,org_i3qk2iag,user_j49itn7s@example.com,ml_engineer,True,2025-05-11,
user_55j2o7s3,org_phr62gds,user_55j2o7s3@example.com,devops,True,2025-06-09,2025-05-24
user_kkv9rftm,org_nam148p0,user_kkv9rftm@example.com,analyst,True,2025-06-25,2025-05-23
user_ttqlgzui,org_g0fn9xuy,user_ttqlgzui@example.com,ml_engineer,True,2025-07-15,2025-07-23
user_1b0z3nx3,org_dbdw2pcn,user_1b0z3nx3@example.com,devops,True,2025-08-06,2025-05-18
user_9rbsv55p,org_pnsm43d8,user_9rbsv55p@example.com,developer,True,2025-06-20,
user_sq0oxfq8,org_wnnhj7xv,user_sq0oxfq8@example.com,devops,True,2025-08-09,2025-08-25
user_myx444nl,org_fel6246h,user_myx444nl@example.com,data_engineer,True,2025-07-07,2025-07-24
user_z15bcw79,org_ohp6vz41,user_z15bcw79@example.com,data_engineer,True,2025-06-26,2025-07-01
user_0pdw5py6,org_fel6246h,user_0pdw5py6@example.com,data_engineer,True,2025-07-22,2025-06-18
user_b2knftu2,org_1t2tala7,user_b2knftu2@example.com,data_engineer,True,2025-06-14,2025-07-03
user_gc5wi6fq,org_9t84azyt,user_gc5wi6fq@example.com,data_engineer,True,2025-07-22,2025-08-31
user_jja26yfp,org_tvhhpbmy,user_jja26yfp@example.com,admin,False,2025-06-20,2025-07-16
user_mvxpj4hn,org_5lxo6qji,user_mvxpj4hn@example.com,admin,True,2025-06-25,
user_riuu9k9x,org_7e8g8jdp,user_riuu9k9x@example.com,data_engineer,True,2025-06-02,
user_juy0bvr6,org_1n13jcat,user_juy0bvr6@example.com,developer,False,2025-05-14,
user_k2vmwwyz,org_teiyzcot,user_k2vmwwyz@example.com,developer,True,2025-05-12,2025-06-28
user_x4w6xlpu,org_0lvsnujz,user_x4w6xlpu@example.com,ml_engineer,True,2025-08-10,
user_0dk0get8,org_w3zp08j3,user_0dk0get8@example.com,developer,True,2025-07-03,2025-07-09
user_t63j3r30,org_3t60rjiw,user_t63j3r30@example.com,devops,True,2025-07-20,
user_me8f8409,org_a7tz0ync,user_me8f8409@example.com,devops,True,2025-07-02,2025-07-10
user_82n2atqy,org_x7eedtjv,user_82n2atqy@example.com,analyst,True,2025-05-19,2025-08-11
user_yv37dia5,org_trp0j43d,user_yv37dia5@example.com,developer,True,2025-06-18,2025-06-26
user_u6hc36ko,org_cvs4f8cg,user_u6hc36ko@example.com,developer,True,2025-07-29,2025-08-11
user_f8krd5eq,org_t9nt3w5u,user_f8krd5eq@example.com,analyst,True,2025-05-29,2025-05-14
user_y08p0fod,org_xll4zklo,user_y08p0fod@example.com,data_engineer,False,2025-05-26,
user_ro8bnp84,org_id25owf7,user_ro8bnp84@example.com,developer,True,2025-08-02,2025-07-15
user_dyt9moge,org_id25owf7,user_dyt9moge@example.com,ml_engineer,True,2025-07-30,2025-08-09
user_4qxxva2i,org_teiyzcot,user_4qxxva2i@example.com,developer,True,2025-07-26,2025-07-29
user_euc1hh5l,org_ofqewaou,user_euc1hh5l@example.com,ml_engineer,True,2025-07-31,2025-08-27
user_f6a4fejg,org_pvs7hzio,user_f6a4fejg@example.com,analyst,True,2025-06-06,2025-08-03
user_xaa2ilgb,org_pbhsahxt,user_xaa2ilgb@example.com,analyst,True,2025-05-04,2025-06-14
user_0s0r2sds,org_53lc58dr,user_0s0r2sds@example.com,devops,True,2025-05-04,
user_8b25sq8c,org_vyie6ivw,user_8b25sq8c@example.com,admin,True,2025-07-27,2025-06-26
user_royr6ccv,org_pja1wj0t,user_royr6ccv@example.com,devops,True,2025-07-11,2025-05-21
user_cjwtl9tq,org_53lc58dr,user_cjwtl9tq@example.com,analyst,True,2025-06-20,
user_vdz4x1zh,org_ktakpuxq,user_vdz4x1zh@example.com,developer,True,2025-06-17,2025-07-24
user_qimqodpx,org_dzr1yxr2,user_qimqodpx@example.com,admin,False,2025-06-05,2025-07-06
user_nf7c3dd0,org_1swjckjl,user_nf7c3dd0@example.com,admin,True,2025-06-19,
user_3uvulemx,org_fel6246h,user_3uvulemx@example.com,data_engineer,True,2025-06-02,2025-08-14
user_15z8vmuh,org_he7ur23g,user_15z8vmuh@example.com,devops,True,2025-08-08,2025-05-17
user_xid4n1u3,org_a7tz0ync,user_xid4n1u3@example.com,data_engineer,True,2025-06-12,2025-06-13
user_493wxa73,org_xaji0y6d,user_493wxa73@example.com,data_engineer,True,2025-07-17,2025-06-05
user_jgzlma5u,org_om5igqpk,user_jgzlma5u@example.com,data_engineer,True,2025-06-20,2025-08-28
user_ofwb0hpm,org_53lc58dr,user_ofwb0hpm@example.com,admin,True,2025-06-18,
user_nz1udbfw,org_axeqbnhl,user_nz1udbfw@example.com,devops,True,2025-08-08,2025-06-03
user_yjxrpj1e,org_0lzjjege,user_yjxrpj1e@example.com,ml_engineer,True,2025-05-28,2025-07-14
user_pkyrybov,org_ohp6vz41,user_pkyrybov@example.com,admin,True,2025-05-30,2025-08-09
user_akhejla0,org_dhylurtp,user_akhejla0@example.com,devops,True,2025-07-11,2025-06-26
user_gnzs43c5,org_pac56t4u,user_gnzs43c5@example.com,devops,True,2025-07-29,
user_ba75uuzp,org_phr62gds,user_ba75uuzp@example.com,devops,True,2025-08-10,2025-05-29
user_eal2w37d,org_pseimvih,user_eal2w37d@example.com,data_engineer,True,2025-08-06,2025-05-21
user_4ivsolml,org_dhylurtp,user_4ivsolml@example.com,admin,True,2025-06-08,2025-06-18
user_gses6m03,org_0lvsnujz,user_gses6m03@example.com,ml_engineer,True,2025-05-08,2025-07-26
user_3ifhv1xg,org_nam148p0,user_3ifhv1xg@example.com,analyst,False,2025-08-05,2025-05-19
user_1r11q7uw,org_dzr1yxr2,user_1r11q7uw@example.com,developer,True,2025-07-23,2025-06-20
user_w5wfcpkj,org_wnnhj7xv,user_w5wfcpkj@example.com,ml_engineer,True,2025-07-02,2025-08-08
user_cslqc3c5,org_5935a0l7,user_cslqc3c5@example.com,devops,True,2025-07-15,2025-07-18
user_4wsqt26q,org_i7p5tb94,user_4wsqt26q@example.com,developer,True,2025-08-09,2025-06-20
user_3xlrfcd6,org_ir4cowgz,user_3xlrfcd6@example.com,ml_engineer,True,2025-06-28,2025-08-01
user_mzsgipps,org_y9v86wzs,user_mzsgipps@example.com,developer,True,2025-05-23,
user_fnkomv2x,org_ofqewaou,user_fnkomv2x@example.com,devops,True,2025-05-21,2025-08-27
user_cdyk0x65,org_om5igqpk,user_cdyk0x65@example.com,data_engineer,True,2025-06-10,
user_mufm8zov,org_okep7y6w,user_mufm8zov@example.com,data_engineer,True,2025-05-06,2025-06-26
user_7ln23y30,org_t1ghr09s,user_7ln23y30@example.com,developer,True,2025-05-31,2025-07-18
user_ysxpnngh,org_dbdw2pcn,user_ysxpnngh@example.com,data_engineer,True,2025-07-26,2025-06-08
user_8riec4d1,org_253j2d54,user_8riec4d1@example.com,devops,True,2025-05-22,2025-08-15
user_45bm1enf,org_tvhhpbmy,user_45bm1enf@example.com,admin,True,2025-07-02,2025-07-16
user_313fpoyi,org_d14ve92m,user_313fpoyi@example.com,ml_engineer,True,2025-06-12,
user_pk0qtl3q,org_1n13jcat,user_pk0qtl3q@example.com,analyst,True,2025-08-08,2025-07-02
user_4n89qkns,org_afeyuhz1,user_4n89qkns@example.com,data_engineer,True,2025-06-17,
user_832ejx5t,org_t9nt3w5u,user_832ejx5t@example.com,devops,True,2025-07-13,2025-06-01
user_d44k1j6f,org_pja1wj0t,user_d44k1j6f@example.com,data_engineer,True,2025-07-21,2025-07-30
user_p8hqmabs,org_t1ghr09s,user_p8hqmabs@example.com,ml_engineer,True,2025-05-07,
user_i9nb74x2,org_pja1wj0t,user_i9nb74x2@example.com,developer,False,2025-05-16,2025-07-02
user_ek3zezqa,org_ly8ozcyw,user_ek3zezqa@example.com,devops,True,2025-07-11,2025-06-26
user_cj4t0sek,org_i3qk2iag,user_cj4t0sek@example.com,admin,True,2025-08-09,2025-07-16
user_kbp2qd6v,org_i3qk2iag,user_kbp2qd6v@example.com,data_engineer,True,2025-05-17,2025-05-17
user_asifpwio,org_kdgigatj,user_asifpwio@example.com,developer,True,2025-05-20,2025-06-03
user_xd9css9t,org_cvs4f8cg,user_xd9css9t@example.com,data_engineer,True,2025-05-21,2025-07-29
user_oqw9ja2m,org_i3qk2iag,user_oqw9ja2m@example.com,ml_engineer,True,2025-07-04,2025-08-17
user_0w10lbt3,org_dzr1yxr2,user_0w10lbt3@example.com,devops,True,2025-08-03,2025-07-19
user_g2qzw3c1,org_jxepq85j,user_g2qzw3c1@example.com,data_engineer,True,2025-05-14,2025-07-25
user_qkbhb7s9,org_d14ve92m,user_qkbhb7s9@example.com,data_engineer,True,2025-08-11,
user_tj1gm25l,org_pvs7hzio,user_tj1gm25l@example.com,analyst,True,2025-06-13,2025-06-18
user_en606n9r,org_d14ve92m,user_en606n9r@example.com,developer,True,2025-06-04,2025-08-17
user_r7s20cv3,org_rixa11dp,user_r7s20cv3@example.com,ml_engineer,True,2025-07-06,2025-07-20
user_tlcxlvpy,org_pht0hl9x,user_tlcxlvpy@example.com,data_engineer,True,2025-05-27,2025-06-24
user_mb5m9j98,org_ujv6oh9s,user_mb5m9j98@example.com,ml_engineer,True,2025-07-04,2025-07-03
user_cwn2y8fv,org_874frhoc,user_cwn2y8fv@example.com,developer,True,2025-08-03,
user_2bc2nnuv,org_t9nt3w5u,user_2bc2nnuv@example.com,data_engineer,True,2025-06-26,2025-07-19
user_y8n1utox,org_d14ve92m,user_y8n1utox@example.com,analyst,True,2025-06-25,2025-08-12
user_ie0rnujj,org_kdgigatj,user_ie0rnujj@example.com,ml_engineer,True,2025-05-28,
user_q9k6re4q,org_cwi64ciy,user_q9k6re4q@example.com,data_engineer,True,2025-05-20,2025-07-20
user_6qdy4lmc,org_n9j2qp89,user_6qdy4lmc@example.com,developer,True,2025-07-01,2025-05-23
user_t64z7w2s,org_pbhsahxt,user_t64z7w2s@example.com,devops,True,2025-05-16,2025-06-02
user_ehe2atn2,org_5iqvnb4g,user_ehe2atn2@example.com,analyst,True,2025-06-02,2025-08-09
user_twdl9zs1,org_y9v86wzs,user_twdl9zs1@example.com,developer,True,2025-07-23,
user_3c9xqym5,org_a7tz0ync,user_3c9xqym5@example.com,developer,True,2025-07-24,2025-08-19
user_2xg8p6be,org_41ibljh7,user_2xg8p6be@example.com,ml_engineer,True,2025-06-09,2025-08-21
user_fflzm764,org_okep7y6w,user_fflzm764@example.com,devops,True,2025-05-31,2025-08-12
user_jwtektsg,org_5iqvnb4g,user_jwtektsg@example.com,analyst,True,2025-05-18,2025-06-29
user_7fxzv4u3,org_okep7y6w,user_7fxzv4u3@example.com,analyst,True,2025-05-25,
user_bbxux1ox,org_sg65kxvf,user_bbxux1ox@example.com,devops,True,2025-07-06,2025-06-11
user_rwk8r2yk,org_3t60rjiw,user_rwk8r2yk@example.com,data_engineer,True,2025-05-17,2025-07-29
user_ccprhvlz,org_fel6246h,user_ccprhvlz@example.com,analyst,False,2025-06-07,2025-08-12
user_049enulq,org_253j2d54,user_049enulq@example.com,developer,True,2025-05-30,2025-07-23
user_jidknwi5,org_trp0j43d,user_jidknwi5@example.com,data_engineer,True,2025-06-08,2025-05-21
user_flul1rsr,org_pbhsahxt,user_flul1rsr@example.com,ml_engineer,False,2025-07-07,2025-06-12
user_la8s8hmb,org_afeyuhz1,user_la8s8hmb@example.com,data_engineer,True,2025-06-06,2025-07-26
user_r5xqt4p5,org_pbhsahxt,user_r5xqt4p5@example.com,data_engineer,True,2025-06-17,2025-06-19
user_01nouhtc,org_1swjckjl,user_01nouhtc@example.com,developer,True,2025-07-12,2025-06-05
user_s1k9ye9o,org_tvhhpbmy,user_s1k9ye9o@example.com,data_engineer,True,2025-05-04,2025-06-16
user_2m71hssb,org_hv3a3zmf,user_2m71hssb@example.com,developer,True,2025-06-12,2025-05-30
user_elrqvslw,org_1n13jcat,user_elrqvslw@example.com,analyst,True,2025-07-05,2025-05-23
user_f90km3tz,org_chj755nf,user_f90km3tz@example.com,ml_engineer,True,2025-05-19,
user_k3ny9v20,org_dppq0y9d,user_k3ny9v20@example.com,devops,True,2025-05-12,2025-08-25
user_yar821uz,org_h2m5zja8,user_yar821uz@example.com,analyst,True,2025-08-06,2025-08-18
user_vgww4fyb,org_he7ur23g,user_vgww4fyb@example.com,data_engineer,True,2025-07-28,2025-06-05
user_8dalfyo1,org_253j2d54,user_8dalfyo1@example.com,data_engineer,True,2025-07-10,2025-07-11
user_750cehlx,org_afeyuhz1,user_750cehlx@example.com,analyst,True,2025-05-12,2025-06-27
user_slg6mm1z,org_pbhsahxt,user_slg6mm1z@example.com,devops,True,2025-06-30,2025-08-24
user_xyvgiui9,org_rixa11dp,user_xyvgiui9@example.com,data_engineer,True,2025-05-17,2025-08-20
user_kkhzlm72,org_wm31yiha,user_kkhzlm72@example.com,data_engineer,True,2025-05-18,
user_jeyn9382,org_gv0e38da,user_jeyn9382@example.com,devops,True,2025-06-27,2025-08-28
user_kkzmpjrh,org_9t84azyt,user_kkzmpjrh@example.com,developer,True,2025-05-31,
user_t7zewviy,org_i3qk2iag,user_t7zewviy@example.com,ml_engineer,True,2025-05-19,2025-05-20
user_twbozd1a,org_5lxo6qji,user_twbozd1a@example.com,devops,True,2025-07-18,2025-07-21
user_t7o75rh8,org_41ibljh7,user_t7o75rh8@example.com,devops,True,2025-06-03,2025-05-25
user_lx6dut07,org_8mdd4v30,user_lx6dut07@example.com,ml_engineer,True,2025-05-27,2025-06-07
user_6g5g79or,org_zhwjr64d,user_6g5g79or@example.com,data_engineer,True,2025-05-17,2025-08-19
user_7875aud9,org_wnnhj7xv,user_7875aud9@example.com,data_engineer,True,2025-05-21,2025-06-25
user_k9tr74qg,org_g8sbi4q2,user_k9tr74qg@example.com,data_engineer,True,2025-05-05,2025-06-11
user_efqjg02u,org_1swjckjl,user_efqjg02u@example.com,devops,True,2025-06-05,2025-08-13
user_1g463sdy,org_ir4cowgz,user_1g463sdy@example.com,analyst,True,2025-06-21,2025-05-26
user_gfliji18,org_ofqewaou,user_gfliji18@example.com,data_engineer,True,2025-05-18,2025-05-27
user_k0axycel,org_wm31yiha,user_k0axycel@example.com,developer,True,2025-08-07,
user_os6zle6k,org_41ibljh7,user_os6zle6k@example.com,developer,True,2025-05-11,2025-06-13
user_whef0vot,org_ohp6vz41,user_whef0vot@example.com,analyst,True,2025-06-22,2025-06-25
user_qtxhi15c,org_okep7y6w,user_qtxhi15c@example.com,ml_engineer,False,2025-06-24,2025-05-30
user_qzcuctsu,org_1n13jcat,user_qzcuctsu@example.com,data_engineer,False,2025-05-07,2025-08-04
user_flsehuds,org_phr62gds,user_flsehuds@example.com,admin,False,2025-08-07,2025-08-03
user_3qsqcq30,org_ujv6oh9s,user_3qsqcq30@example.com,developer,True,2025-07-21,2025-06-22
user_o30ubmc9,org_t9nt3w5u,user_o30ubmc9@example.com,ml_engineer,True,2025-05-30,
user_7c7bo119,org_g0fn9xuy,user_7c7bo119@example.com,analyst,True,2025-06-11,
user_xp9n56ny,org_gv0e38da,user_xp9n56ny@example.com,analyst,True,2025-06-26,2025-05-18
user_xtxmgtt0,org_cwi64ciy,user_xtxmgtt0@example.com,devops,True,2025-05-15,2025-07-06
user_iaakytt3,org_1t2tala7,user_iaakytt3@example.com,analyst,True,2025-05-16,2025-06-20
user_imj70e3p,org_g8sbi4q2,user_imj70e3p@example.com,admin,True,2025-06-28,2025-06-25
user_15ahdbvz,org_vyie6ivw,user_15ahdbvz@example.com,developer,True,2025-06-22,2025-05-15
user_b0oih5cs,org_ykl1cq99,user_b0oih5cs@example.com,data_engineer,True,2025-05-29,2025-07-12
user_k30lvylk,org_cwi64ciy,user_k30lvylk@example.com,developer,True,2025-06-28,
user_fxhkc856,org_he7ur23g,user_fxhkc856@example.com,developer,True,2025-05-08,
user_wpr97y2l,org_t1ghr09s,user_wpr97y2l@example.com,admin,True,2025-06-21,2025-05-30
user_ofn1r4kz,org_he7ur23g,user_ofn1r4kz@example.com,data_engineer,True,2025-06-23,2025-06-15
user_36u8ueih,org_cvs4f8cg,user_36u8ueih@example.com,admin,True,2025-07-30,2025-06-30
user_x74d0gjy,org_1swjckjl,user_x74d0gjy@example.com,admin,True,2025-07-15,
user_v5g10ur5,org_axeqbnhl,user_v5g10ur5@example.com,analyst,True,2025-06-28,2025-08-02
user_l8a78e9r,org_n9j2qp89,user_l8a78e9r@example.com,ml_engineer,True,2025-06-26,2025-07-10
user_ivh6t1nt,org_1swjckjl,user_ivh6t1nt@example.com,admin,True,2025-05-24,2025-08-27
user_mjsrd9q4,org_h2m5zja8,user_mjsrd9q4@example.com,analyst,True,2025-06-20,
user_6nouhfj7,org_8mdd4v30,user_6nouhfj7@example.com,analyst,True,2025-07-02,2025-06-26
user_upfln4rx,org_cwi64ciy,user_upfln4rx@example.com,admin,True,2025-05-22,2025-06-25
user_yj38xrg2,org_pnsm43d8,user_yj38xrg2@example.com,data_engineer,True,2025-05-10,2025-07-16
user_gzr7txcb,org_8mdd4v30,user_gzr7txcb@example.com,admin,True,2025-07-02,
user_48y1o4iz,org_pht0hl9x,user_48y1o4iz@example.com,data_engineer,False,2025-05-09,2025-06-19
user_asnwywrr,org_pvs7hzio,user_asnwywrr@example.com,analyst,True,2025-06-10,2025-05-27
user_atatj9a3,org_c11ertj5,user_atatj9a3@example.com,data_engineer,False,2025-07-23,2025-08-06
user_y36ddfgs,org_7e8g8jdp,user_y36ddfgs@example.com,devops,True,2025-06-22,2025-06-02
user_3jonou9i,org_a7tz0ync,user_3jonou9i@example.com,analyst,True,2025-06-30,2025-07-17
user_y4x41dnt,org_nam148p0,user_y4x41dnt@example.com,developer,True,2025-07-13,2025-07-17
user_cagrp2u4,org_d14ve92m,user_cagrp2u4@example.com,data_engineer,True,2025-08-06,2025-06-11
user_dtbh55rb,org_ly8ozcyw,user_dtbh55rb@example.com,analyst,True,2025-07-23,2025-07-03
user_c76ub7l8,org_d14ve92m,user_c76ub7l8@example.com,ml_engineer,False,2025-08-02,2025-08-22
user_v1zocfi4,org_d14ve92m,user_v1zocfi4@example.com,admin,True,2025-05-17,2025-06-26
user_o6l1f90s,org_zhwjr64d,user_o6l1f90s@example.com,admin,True,2025-05-08,2025-05-17
user_9bp4m18o,org_g8sbi4q2,user_9bp4m18o@example.com,developer,True,2025-05-31,2025-08-05
user_1bj9rm7p,org_dhylurtp,user_1bj9rm7p@example.com,devops,True,2025-07-28,2025-05-19
user_yxdw2zcf,org_3t60rjiw,user_yxdw2zcf@example.com,data_engineer,True,2025-07-20,2025-05-23
user_zw0ldalm,org_ykl1cq99,user_zw0ldalm@example.com,ml_engineer,True,2025-06-29,
user_jegqtoam,org_jxepq85j,user_jegqtoam@example.com,analyst,True,2025-05-29,2025-07-24
user_dvlnknd6,org_okep7y6w,user_dvlnknd6@example.com,data_engineer,True,2025-07-03,
user_69ugnekr,org_ktakpuxq,user_69ugnekr@example.com,analyst,True,2025-05-12,2025-07-28
user_cpprcjiw,org_om5igqpk,user_cpprcjiw@example.com,devops,True,2025-07-15,2025-05-21
user_vhdk8lw2,org_53lc58dr,user_vhdk8lw2@example.com,ml_engineer,True,2025-07-27,
user_lm349el8,org_he7ur23g,user_lm349el8@example.com,analyst,True,2025-06-19,2025-06-28
user_hl88kzru,org_dzr1yxr2,user_hl88kzru@example.com,admin,True,2025-07-23,
user_in3oeuvt,org_ofqewaou,user_in3oeuvt@example.com,data_engineer,True,2025-07-30,2025-07-12
user_yt8qzpky,org_sg65kxvf,user_yt8qzpky@example.com,devops,True,2025-07-30,2025-08-17
user_32orwixz,org_id25owf7,user_32orwixz@example.com,developer,True,2025-05-06,2025-05-21
user_2c9ros7y,org_w3zp08j3,user_2c9ros7y@example.com,devops,True,2025-07-22,2025-06-23
user_t2m6twd1,org_ktakpuxq,user_t2m6twd1@example.com,admin,True,2025-05-23,
user_xmxb9yo1,org_5935a0l7,user_xmxb9yo1@example.com,ml_engineer,True,2025-07-22,2025-06-26
user_8pajssuu,org_253j2d54,user_8pajssuu@example.com,data_engineer,True,2025-05-20,2025-07-20
user_qo1vsmad,org_n9j2qp89,user_qo1vsmad@example.com,devops,True,2025-05-18,2025-06-05
user_o8e7flqh,org_ykl1cq99,user_o8e7flqh@example.com,ml_engineer,True,2025-06-17,
user_rrpzlk3e,org_ykl1cq99,user_rrpzlk3e@example.com,devops,True,2025-06-04,2025-08-30
user_4xyf9igf,org_cwi64ciy,user_4xyf9igf@example.com,analyst,True,2025-08-11,2025-08-29
user_u8iogxpb,org_n9j2qp89,user_u8iogxpb@example.com,ml_engineer,False,2025-05-06,2025-08-12
user_whvnzh13,org_t9nt3w5u,user_whvnzh13@example.com,developer,True,2025-06-02,
user_cd5glqj5,org_ohp6vz41,user_cd5glqj5@example.com,data_engineer,True,2025-07-25,2025-07-03
user_sxvwvm4w,org_hv3a3zmf,user_sxvwvm4w@example.com,developer,True,2025-05-28,
user_3zkwdeek,org_chj755nf,user_3zkwdeek@example.com,devops,True,2025-06-07,2025-07-02
user_gyspengw,org_3t60rjiw,user_gyspengw@example.com,data_engineer,True,2025-07-16,2025-08-10
user_yx9trflq,org_x7eedtjv,user_yx9trflq@example.com,admin,True,2025-05-14,
user_bmae38sr,org_a7tz0ync,user_bmae38sr@example.com,devops,True,2025-05-26,2025-08-14
user_yo4rcb1k,org_ofqewaou,user_yo4rcb1k@example.com,data_engineer,True,2025-05-25,
user_jtgq01te,org_3t60rjiw,user_jtgq01te@example.com,data_engineer,True,2025-08-05,2025-08-17
user_e13n3bzt,org_dhylurtp,user_e13n3bzt@example.com,developer,True,2025-07-30,2025-05-14
user_9d31k9qm,org_0lvsnujz,user_9d31k9qm@example.com,data_engineer,True,2025-06-27,2025-06-24
user_3p91i3vm,org_0lzjjege,user_3p91i3vm@example.com,data_engineer,False,2025-06-15,2025-05-16
user_zwffhhcm,org_he7ur23g,user_zwffhhcm@example.com,developer,True,2025-08-03,2025-08-04
user_ktlzkj49,org_7e8g8jdp,user_ktlzkj49@example.com,developer,True,2025-06-03,2025-08-13
user_yd82795e,org_a7tz0ync,user_yd82795e@example.com,data_engineer,True,2025-05-16,2025-05-21
user_5iz31yru,org_41ibljh7,user_5iz31yru@example.com,admin,True,2025-06-03,2025-07-18
user_joqw5dsk,org_teiyzcot,user_joqw5dsk@example.com,analyst,True,2025-05-10,2025-08-18
user_7n8la100,org_5935a0l7,user_7n8la100@example.com,developer,True,2025-06-26,2025-08-14
user_qxmcthph,org_dbdw2pcn,user_qxmcthph@example.com,ml_engineer,True,2025-07-28,
user_j3muurmy,org_pseimvih,user_j3muurmy@example.com,devops,True,2025-07-16,
user_bd2qe4pa,org_x7eedtjv,user_bd2qe4pa@example.com,analyst,True,2025-06-30,2025-07-09
user_8hyexf7j,org_dzr1yxr2,user_8hyexf7j@example.com,developer,True,2025-05-17,2025-06-20
user_xjn6fokz,org_he7ur23g,user_xjn6fokz@example.com,ml_engineer,True,2025-07-02,2025-07-30
user_ixzareiy,org_pnsm43d8,user_ixzareiy@example.com,devops,True,2025-07-21,2025-08-28
user_az39pecn,org_4zw9xa3k,user_az39pecn@example.com,data_engineer,True,2025-05-30,2025-06-27
user_0dl5e11e,org_53lc58dr,user_0dl5e11e@example.com,admin,True,2025-08-02,2025-06-09
user_9ftaxp0w,org_3t60rjiw,user_9ftaxp0w@example.com,data_engineer,True,2025-05-23,2025-07-20
user_foy4dd1v,org_y9v86wzs,user_foy4dd1v@example.com,ml_engineer,True,2025-07-28,2025-05-19
user_n8lfjdtv,org_pseimvih,user_n8lfjdtv@example.com,devops,True,2025-07-23,2025-07-15
user_v2y4xkss,org_rixa11dp,user_v2y4xkss@example.com,developer,True,2025-05-12,
user_0kb68rer,org_phr62gds,user_0kb68rer@example.com,developer,True,2025-05-06,
user_vt997e4u,org_ujv6oh9s,user_vt997e4u@example.com,devops,True,2025-06-12,2025-06-29
user_ny181acj,org_w3zp08j3,user_ny181acj@example.com,ml_engineer,True,2025-07-10,2025-06-15
user_bc2swsoz,org_ly8ozcyw,user_bc2swsoz@example.com,admin,True,2025-05-09,
user_ctwjlsh3,org_a7tz0ync,user_ctwjlsh3@example.com,developer,True,2025-07-09,2025-08-10
user_tow4ycz0,org_pht0hl9x,user_tow4ycz0@example.com,ml_engineer,True,2025-08-02,2025-06-27
user_4cdpqvl0,org_5935a0l7,user_4cdpqvl0@example.com,developer,True,2025-07-10,2025-06-22
user_0ezzf8s2,org_5lxo6qji,user_0ezzf8s2@example.com,data_engineer,True,2025-05-15,2025-05-30
user_zge2j51b,org_d14ve92m,user_zge2j51b@example.com,devops,True,2025-05-10,
user_3jczucqm,org_5935a0l7,user_3jczucqm@example.com,data_engineer,True,2025-06-21,
user_runjdu0i,org_tvhhpbmy,user_runjdu0i@example.com,ml_engineer,True,2025-07-15,2025-07-24
user_sb5iqnf7,org_rixa11dp,user_sb5iqnf7@example.com,developer,True,2025-05-11,2025-07-12
user_4t60ploz,org_vyie6ivw,user_4t60ploz@example.com,data_engineer,True,2025-07-25,2025-08-16
user_jcns6g29,org_ofqewaou,user_jcns6g29@example.com,admin,True,2025-05-05,
user_8cqk4lta,org_chj755nf,user_8cqk4lta@example.com,data_engineer,True,2025-05-20,
user_hukwqvr1,org_1n13jcat,user_hukwqvr1@example.com,data_engineer,True,2025-05-06,2025-07-24
user_h61iaoim,org_i3qk2iag,user_h61iaoim@example.com,data_engineer,True,2025-07-02,2025-05-25
user_458ax40d,org_g0fn9xuy,user_458ax40d@example.com,data_engineer,True,2025-08-10,2025-07-02
user_tirc9zd7,org_ktakpuxq,user_tirc9zd7@example.com,data_engineer,False,2025-06-23,2025-08-28
user_6szn9dde,org_n9j2qp89,user_6szn9dde@example.com,devops,True,2025-06-14,2025-06-26
user_3cup8ijl,org_sg65kxvf,user_3cup8ijl@example.com,data_engineer,True,2025-07-26,2025-06-23
user_2z0ljch2,org_x7eedtjv,user_2z0ljch2@example.com,developer,True,2025-07-25,2025-08-30
user_vffqot8h,org_a7tz0ync,user_vffqot8h@example.com,devops,False,2025-08-09,2025-08-07
user_ljefy3zb,org_okep7y6w,user_ljefy3zb@example.com,data_engineer,True,2025-05-28,2025-08-14
user_4ldimsyj,org_ykl1cq99,user_4ldimsyj@example.com,analyst,True,2025-06-23,2025-07-27
user_9boq0iq2,org_ujv6oh9s,user_9boq0iq2@example.com,ml_engineer,True,2025-07-01,2025-05-29
user_fa39e3nw,org_ujv6oh9s,user_fa39e3nw@example.com,devops,True,2025-07-16,2025-06-16
user_xuj3ac6p,org_om5igqpk,user_xuj3ac6p@example.com,ml_engineer,True,2025-06-12,2025-05-18
user_e63lbqgu,org_zhwjr64d,user_e63lbqgu@example.com,developer,True,2025-07-02,2025-07-18
user_3obyghgk,org_a7tz0ync,user_3obyghgk@example.com,developer,True,2025-07-22,2025-05-27
user_5bwikotc,org_pseimvih,user_5bwikotc@example.com,data_engineer,False,2025-08-08,2025-08-26
user_keh5sw22,org_wm31yiha,user_keh5sw22@example.com,developer,True,2025-06-10,2025-06-14
user_92mtr6sn,org_dppq0y9d,user_92mtr6sn@example.com,data_engineer,True,2025-06-22,2025-07-16
user_glh62c9t,org_0lzjjege,user_glh62c9t@example.com,data_engineer,True,2025-07-03,2025-07-18
user_199dxj37,org_x7eedtjv,user_199dxj37@example.com,devops,True,2025-07-28,2025-07-01
user_c9h42m44,org_w3zp08j3,user_c9h42m44@example.com,admin,True,2025-06-17,2025-07-09
user_gv3z6bz8,org_pvs7hzio,user_gv3z6bz8@example.com,analyst,True,2025-08-04,2025-05-17
user_uug95rlr,org_5lxo6qji,user_uug95rlr@example.com,devops,True,2025-06-08,2025-08-10
user_dihsa7he,org_y9v86wzs,user_dihsa7he@example.com,data_engineer,True,2025-08-11,2025-06-05
user_z74lav71,org_pnsm43d8,user_z74lav71@example.com,admin,False,2025-06-07,
user_448n7odk,org_9t84azyt,user_448n7odk@example.com,analyst,True,2025-07-08,2025-08-06
user_ef828xg8,org_9mx2x18h,user_ef828xg8@example.com,devops,True,2025-07-15,2025-06-13
user_y72ivgly,org_h2m5zja8,user_y72ivgly@example.com,data_engineer,True,2025-07-23,
user_e088o98b,org_nam148p0,user_e088o98b@example.com,devops,True,2025-07-11,2025-05-26
user_v78hu7f0,org_1t2tala7,user_v78hu7f0@example.com,data_engineer,True,2025-07-14,2025-07-26
user_i9g5dzx5,org_4zw9xa3k,user_i9g5dzx5@example.com,devops,True,2025-08-04,2025-06-27
user_qjicjdan,org_ir4cowgz,user_qjicjdan@example.com,analyst,True,2025-05-25,2025-05-17
user_085rntdr,org_pht0hl9x,user_085rntdr@example.com,ml_engineer,True,2025-07-31,2025-07-08
user_5xyfc4kl,org_5lxo6qji,user_5xyfc4kl@example.com,analyst,True,2025-07-06,2025-07-10
user_8cgn0t6d,org_ir4cowgz,user_8cgn0t6d@example.com,analyst,True,2025-06-25,2025-05-29
user_vwrb7f6f,org_dbdw2pcn,user_vwrb7f6f@example.com,data_engineer,True,2025-05-17,
user_dhgzz0jk,org_dzr1yxr2,user_dhgzz0jk@example.com,data_engineer,True,2025-05-22,2025-08-08
user_ibu4fmpk,org_pac56t4u,user_ibu4fmpk@example.com,developer,True,2025-06-19,2025-06-20
user_xvhagkc4,org_axeqbnhl,user_xvhagkc4@example.com,data_engineer,True,2025-06-09,2025-06-12
user_lorxdtg5,org_l58kxo9t,user_lorxdtg5@example.com,ml_engineer,True,2025-08-06,2025-06-29
user_nqjqijc1,org_y9v86wzs,user_nqjqijc1@example.com,developer,False,2025-07-11,2025-07-07
user_ydmt8vt4,org_g8sbi4q2,user_ydmt8vt4@example.com,admin,True,2025-07-14,2025-07-26
user_3pt5r5rc,org_ujv6oh9s,user_3pt5r5rc@example.com,developer,True,2025-06-02,2025-05-25
user_6zs62ywe,org_dbdw2pcn,user_6zs62ywe@example.com,developer,True,2025-06-22,2025-06-25
user_1g983ep9,org_a7tz0ync,user_1g983ep9@example.com,devops,True,2025-07-20,2025-05-14
user_p9w4j66c,org_9t84azyt,user_p9w4j66c@example.com,data_engineer,True,2025-07-28,2025-06-06
user_noljq52w,org_h2m5zja8,user_noljq52w@example.com,analyst,True,2025-07-22,
user_spofv177,org_41ibljh7,user_spofv177@example.com,devops,True,2025-07-16,2025-06-17
user_udktmonr,org_cwi64ciy,user_udktmonr@example.com,ml_engineer,True,2025-06-30,
user_vbjfvyb6,org_9t84azyt,user_vbjfvyb6@example.com,admin,True,2025-06-24,2025-06-12
user_li076a3k,org_0lvsnujz,user_li076a3k@example.com,devops,True,2025-07-26,2025-07-31
user_krzd5e9p,org_x7eedtjv,user_krzd5e9p@example.com,data_engineer,True,2025-06-26,
user_3jpxgh30,org_i3qk2iag,user_3jpxgh30@example.com,developer,False,2025-06-12,2025-08-05
user_153sflse,org_1t2tala7,user_153sflse@example.com,analyst,True,2025-08-09,
user_45bg34iq,org_teiyzcot,user_45bg34iq@example.com,data_engineer,True,2025-05-22,2025-06-30
user_7zj3sweb,org_i7p5tb94,user_7zj3sweb@example.com,analyst,True,2025-06-07,
user_nvg5vmf6,org_i3qk2iag,user_nvg5vmf6@example.com,ml_engineer,True,2025-07-30,2025-07-27
user_0yknfu84,org_g0fn9xuy,user_0yknfu84@example.com,analyst,True,2025-06-18,2025-06-26
user_xyjoa21a,org_afeyuhz1,user_xyjoa21a@example.com,analyst,True,2025-07-03,
user_6xvaj2k8,org_l58kxo9t,user_6xvaj2k8@example.com,admin,True,2025-08-06,2025-08-08
user_xpnmjqy3,org_ktakpuxq,user_xpnmjqy3@example.com,ml_engineer,True,2025-07-20,2025-06-05
user_odsx4nxv,org_pnsm43d8,user_odsx4nxv@example.com,devops,True,2025-07-21,
user_kdc9x5jz,org_ir4cowgz,user_kdc9x5jz@example.com,data_engineer,True,2025-05-20,2025-07-23
user_6kf1622v,org_a7tz0ync,user_6kf1622v@example.com,developer,True,2025-06-19,2025-08-19
user_xyzx9jpn,org_874frhoc,user_xyzx9jpn@example.com,devops,False,2025-07-06,
user_bzug0it2,org_ktakpuxq,user_bzug0it2@example.com,data_engineer,True,2025-06-08,2025-08-26
user_6ys445gd,org_zbikcidk,user_6ys445gd@example.com,devops,True,2025-06-18,2025-07-13
user_ej31gymd,org_hv3a3zmf,user_ej31gymd@example.com,devops,True,2025-05-24,2025-05-19
user_m0l2ljk4,org_h2m5zja8,user_m0l2ljk4@example.com,analyst,True,2025-05-28,2025-08-27
user_q5v7c6s5,org_xll4zklo,user_q5v7c6s5@example.com,data_engineer,True,2025-06-25,2025-06-07
user_nkb4ehou,org_c11ertj5,user_nkb4ehou@example.com,ml_engineer,False,2025-07-05,2025-08-29
user_6qlz2rwg,org_cvs4f8cg,user_6qlz2rwg@example.com,developer,True,2025-08-08,2025-07-10
user_waj1g1r1,org_g0fn9xuy,user_waj1g1r1@example.com,devops,True,2025-07-14,2025-06-10
user_dwwo8nbh,org_fel6246h,user_dwwo8nbh@example.com,analyst,True,2025-07-19,2025-08-16
user_nal3gywi,org_pja1wj0t,user_nal3gywi@example.com,admin,True,2025-08-04,2025-06-08
user_ymenvg3k,org_253j2d54,user_ymenvg3k@example.com,data_engineer,True,2025-07-15,2025-05-24
user_k0vm59m6,org_afeyuhz1,user_k0vm59m6@example.com,developer,False,2025-08-02,2025-05-30
user_mg87oi0e,org_4zw9xa3k,user_mg87oi0e@example.com,developer,False,2025-07-19,2025-06-23
user_0vgnxb5j,org_x7eedtjv,user_0vgnxb5j@example.com,admin,True,2025-05-31,2025-07-21
user_tb9xxayp,org_ir4cowgz,user_tb9xxayp@example.com,data_engineer,True,2025-05-28,2025-06-04
user_ntrfzwkx,org_5lxo6qji,user_ntrfzwkx@example.com,analyst,True,2025-05-26,
user_xjve3dze,org_5935a0l7,user_xjve3dze@example.com,developer,True,2025-06-16,2025-07-16
user_edhhjshz,org_874frhoc,user_edhhjshz@example.com,analyst,True,2025-06-16,2025-08-21
user_kbrh7lay,org_t9nt3w5u,user_kbrh7lay@example.com,data_engineer,True,2025-06-20,2025-07-07
user_64yfds0d,org_g0fn9xuy,user_64yfds0d@example.com,devops,True,2025-07-28,
user_ji9kqdgb,org_gv0e38da,user_ji9kqdgb@example.com,devops,True,2025-06-19,2025-05-24
user_k2l0d1b4,org_ofqewaou,user_k2l0d1b4@example.com,data_engineer,True,2025-07-20,2025-07-25
user_xgmpw5d3,org_3t60rjiw,user_xgmpw5d3@example.com,data_engineer,False,2025-06-02,2025-08-24
user_go8jn42x,org_ir4cowgz,user_go8jn42x@example.com,analyst,False,2025-06-14,
user_2ezc7fov,org_5lxo6qji,user_2ezc7fov@example.com,devops,True,2025-05-05,2025-07-01
user_2ygnmby4,org_a7tz0ync,user_2ygnmby4@example.com,devops,True,2025-07-16,2025-07-23
user_9e7eobjl,org_9t84azyt,user_9e7eobjl@example.com,data_engineer,True,2025-06-05,2025-07-31
user_zy1uu9ym,org_0lzjjege,user_zy1uu9ym@example.com,devops,True,2025-08-11,2025-06-27
user_szdximyn,org_he7ur23g,user_szdximyn@example.com,data_engineer,True,2025-07-09,2025-05-22
user_4u9bxf44,org_5iqvnb4g,user_4u9bxf44@example.com,admin,True,2025-06-24,2025-06-12
user_5cri8bix,org_53lc58dr,user_5cri8bix@example.com,ml_engineer,True,2025-07-14,
user_oiq2q4qe,org_1n13jcat,user_oiq2q4qe@example.com,analyst,True,2025-08-09,2025-07-02
user_rxdouadv,org_sg65kxvf,user_rxdouadv@example.com,analyst,True,2025-08-04,2025-07-29
user_wkshy8nb,org_3t60rjiw,user_wkshy8nb@example.com,devops,True,2025-05-23,2025-06-20
user_iquwrxze,org_wm31yiha,user_iquwrxze@example.com,devops,True,2025-07-19,2025-07-26
user_1hm38ksz,org_axeqbnhl,user_1hm38ksz@example.com,data_engineer,True,2025-05-20,2025-08-08
user_bffzzdvg,org_c11ertj5,user_bffzzdvg@example.com,admin,True,2025-05-16,2025-08-09
user_7oq2zdo7,org_4zw9xa3k,user_7oq2zdo7@example.com,data_engineer,True,2025-07-13,2025-08-11
user_4v1qx8er,org_okep7y6w,user_4v1qx8er@example.com,data_engineer,True,2025-06-03,
user_tb74rs7g,org_axeqbnhl,user_tb74rs7g@example.com,analyst,True,2025-05-26,2025-08-18
user_u0env5sn,org_gv0e38da,user_u0env5sn@example.com,ml_engineer,True,2025-07-24,
user_961j88qe,org_0lzjjege,user_961j88qe@example.com,ml_engineer,True,2025-07-26,
user_oz0kz4z7,org_kdgigatj,user_oz0kz4z7@example.com,devops,True,2025-05-05,2025-06-25
user_whwkmy9x,org_dbdw2pcn,user_whwkmy9x@example.com,ml_engineer,True,2025-07-16,
user_8sylemru,org_teiyzcot,user_8sylemru@example.com,data_engineer,False,2025-06-06,
user_yp04k43s,org_a7tz0ync,user_yp04k43s@example.com,data_engineer,True,2025-07-21,
user_afyh1fkj,org_pht0hl9x,user_afyh1fkj@example.com,analyst,True,2025-08-11,2025-06-18
user_4yk1b3d5,org_3t60rjiw,user_4yk1b3d5@example.com,admin,True,2025-08-09,2025-05-25
user_050ui22k,org_uzfk8ut0,user_050ui22k@example.com,data_engineer,True,2025-07-13,2025-06-29
user_x7n89lta,org_dzr1yxr2,user_x7n89lta@example.com,admin,True,2025-06-24,2025-08-03
user_jw2536zx,org_om5igqpk,user_jw2536zx@example.com,ml_engineer,True,2025-07-03,
user_1tv18kgy,org_pseimvih,user_1tv18kgy@example.com,devops,False,2025-07-02,2025-07-21
user_ggsnpuev,org_vyie6ivw,user_ggsnpuev@example.com,ml_engineer,True,2025-06-10,2025-07-15
user_jlzfflb7,org_xll4zklo,user_jlzfflb7@example.com,ml_engineer,True,2025-05-28,2025-05-14
user_wxrum2lh,org_874frhoc,user_wxrum2lh@example.com,data_engineer,True,2025-05-25,
user_gcsotdhh,org_he7ur23g,user_gcsotdhh@example.com,ml_engineer,True,2025-05-09,2025-07-22
user_lmh1t939,org_wnnhj7xv,user_lmh1t939@example.com,devops,True,2025-08-07,2025-06-26
user_ayq6ww8y,org_ykl1cq99,user_ayq6ww8y@example.com,ml_engineer,True,2025-05-14,2025-05-14
user_l68ntk63,org_x7eedtjv,user_l68ntk63@example.com,developer,False,2025-07-23,2025-08-16
user_n2qb6gs8,org_trp0j43d,user_n2qb6gs8@example.com,data_engineer,True,2025-05-26,2025-07-13
user_g8tacy15,org_ktakpuxq,user_g8tacy15@example.com,analyst,False,2025-05-23,2025-08-18
user_pdtz91x7,org_a7tz0ync,user_pdtz91x7@example.com,admin,True,2025-05-05,2025-05-22
user_0fqldb2u,org_h2m5zja8,user_0fqldb2u@example.com,data_engineer,True,2025-07-03,
user_uijnwpay,org_xll4zklo,user_uijnwpay@example.com,data_engineer,True,2025-06-11,2025-07-07
user_txw1vzc7,org_0lvsnujz,user_txw1vzc7@example.com,data_engineer,True,2025-05-29,2025-08-30
user_d2kd1pox,org_trp0j43d,user_d2kd1pox@example.com,devops,True,2025-06-06,2025-08-17
user_rteo2t8f,org_pja1wj0t,user_rteo2t8f@example.com,ml_engineer,True,2025-06-18,2025-07-22
user_y620n8tt,org_ohp6vz41,user_y620n8tt@example.com,analyst,True,2025-06-26,2025-05-29
user_eavt8k06,org_c11ertj5,user_eavt8k06@example.com,analyst,True,2025-06-17,2025-05-16
user_moxsfh4g,org_wnnhj7xv,user_moxsfh4g@example.com,admin,True,2025-08-04,2025-05-25
user_g24479qt,org_0lzjjege,user_g24479qt@example.com,admin,True,2025-08-04,2025-05-26
user_kcd0rlex,org_5iqvnb4g,user_kcd0rlex@example.com,developer,True,2025-07-15,2025-08-12
user_dw6lqwlv,org_gv0e38da,user_dw6lqwlv@example.com,devops,True,2025-05-28,2025-07-09
user_unlpaih0,org_cwi64ciy,user_unlpaih0@example.com,analyst,False,2025-07-30,2025-08-13
user_p4e05qmk,org_g8sbi4q2,user_p4e05qmk@example.com,developer,True,2025-06-08,2025-07-08
user_tgv44ftj,org_nam148p0,user_tgv44ftj@example.com,data_engineer,True,2025-06-23,2025-06-04
user_5ccasbuo,org_253j2d54,user_5ccasbuo@example.com,developer,True,2025-06-19,
user_v6tt9q1n,org_trp0j43d,user_v6tt9q1n@example.com,devops,True,2025-05-21,2025-07-29
user_i10kqsos,org_dppq0y9d,user_i10kqsos@example.com,data_engineer,True,2025-07-29,2025-07-11
user_x43wfsqg,org_he7ur23g,user_x43wfsqg@example.com,data_engineer,True,2025-06-14,2025-08-02
user_8x80rmhr,org_5lxo6qji,user_8x80rmhr@example.com,ml_engineer,True,2025-05-15,2025-06-06
user_cnbh6nqq,org_fel6246h,user_cnbh6nqq@example.com,admin,True,2025-05-27,2025-06-07
user_b9lzs34j,org_w3zp08j3,user_b9lzs34j@example.com,developer,True,2025-07-18,2025-08-17
user_tgxnx4sn,org_id25owf7,user_tgxnx4sn@example.com,analyst,True,2025-06-23,2025-06-28
user_6sm5rrvs,org_4zw9xa3k,user_6sm5rrvs@example.com,admin,True,2025-07-12,2025-07-07
user_ffcxhgnz,org_fel6246h,user_ffcxhgnz@example.com,devops,True,2025-05-24,2025-06-26
user_ei3zrrhf,org_wnnhj7xv,user_ei3zrrhf@example.com,analyst,True,2025-07-20,2025-07-20
user_4abufwbu,org_hv3a3zmf,user_4abufwbu@example.com,ml_engineer,True,2025-07-11,
user_cjg8vuaz,org_uzfk8ut0,user_cjg8vuaz@example.com,ml_engineer,True,2025-06-19,2025-08-18
user_xkdq95g3,org_phr62gds,user_xkdq95g3@example.com,devops,True,2025-06-24,2025-08-12
user_v23gxj0m,org_sg65kxvf,user_v23gxj0m@example.com,data_engineer,False,2025-06-11,2025-08-10
user_qvindh4s,org_xll4zklo,user_qvindh4s@example.com,devops,False,2025-06-20,2025-06-02
user_pfdrwb2s,org_t1ghr09s,user_pfdrwb2s@example.com,admin,True,2025-05-11,2025-06-24
user_erev361x,org_t1ghr09s,user_erev361x@example.com,devops,True,2025-05-08,
user_snbti22n,org_0lzjjege,user_snbti22n@example.com,data_engineer,False,2025-06-09,2025-07-04
user_v01zderi,org_vyie6ivw,user_v01zderi@example.com,devops,True,2025-06-21,2025-05-14
user_4k5ogz2u,org_nam148p0,user_4k5ogz2u@example.com,devops,False,2025-07-01,2025-06-29
user_eaxylnfx,org_7e8g8jdp,user_eaxylnfx@example.com,data_engineer,True,2025-07-18,2025-05-15
user_j4pnjy1o,org_l58kxo9t,user_j4pnjy1o@example.com,analyst,True,2025-05-23,2025-08-19
user_2rntjlmz,org_53lc58dr,user_2rntjlmz@example.com,devops,True,2025-06-16,2025-08-07
user_04x0qzfh,org_tvhhpbmy,user_04x0qzfh@example.com,devops,True,2025-07-14,2025-06-12
user_omtzzf8a,org_teiyzcot,user_omtzzf8a@example.com,devops,True,2025-07-29,2025-08-17
user_df7pchcb,org_ujv6oh9s,user_df7pchcb@example.com,devops,False,2025-07-12,2025-06-25
user_n9wszv83,org_c11ertj5,user_n9wszv83@example.com,developer,True,2025-06-27,2025-07-11
user_xphx2kbv,org_afeyuhz1,user_xphx2kbv@example.com,ml_engineer,True,2025-05-30,2025-06-04
user_sigbiaf9,org_9t84azyt,user_sigbiaf9@example.com,ml_engineer,True,2025-05-10,2025-08-07
user_2movs0cd,org_dppq0y9d,user_2movs0cd@example.com,developer,True,2025-07-20,2025-08-04
user_k36m8jvh,org_g0fn9xuy,user_k36m8jvh@example.com,admin,True,2025-05-07,2025-08-18
user_7ujodck8,org_t9nt3w5u,user_7ujodck8@example.com,ml_engineer,True,2025-07-21,2025-06-30
user_2853uy8u,org_cvs4f8cg,user_2853uy8u@example.com,data_engineer,True,2025-05-13,2025-08-04
user_118qqvae,org_pac56t4u,user_118qqvae@example.com,admin,True,2025-06-05,2025-08-04
user_cw9yil8s,org_5iqvnb4g,user_cw9yil8s@example.com,admin,True,2025-06-30,2025-06-16
user_a3idy3c7,org_x7eedtjv,user_a3idy3c7@example.com,admin,True,2025-07-21,2025-07-15
user_rm6j8y6r,org_xll4zklo,user_rm6j8y6r@example.com,data_engineer,False,2025-05-05,2025-08-22
user_h05hhiwf,org_ykl1cq99,user_h05hhiwf@example.com,devops,True,2025-05-04,2025-08-25
user_d7yxw1tb,org_5lxo6qji,user_d7yxw1tb@example.com,data_engineer,False,2025-07-06,2025-08-02
user_rwr965r9,org_nam148p0,user_rwr965r9@example.com,data_engineer,True,2025-07-02,2025-08-24
user_6khub2rt,org_g8sbi4q2,user_6khub2rt@example.com,ml_engineer,True,2025-06-19,2025-07-01
user_soyg9zqy,org_253j2d54,user_soyg9zqy@example.com,analyst,True,2025-05-09,2025-07-03
user_ahulwjti,org_g8sbi4q2,user_ahulwjti@example.com,developer,True,2025-08-04,
user_qwnrhzn4,org_teiyzcot,user_qwnrhzn4@example.com,ml_engineer,True,2025-05-31,2025-05-31
user_kgeuidji,org_8mdd4v30,user_kgeuidji@example.com,data_engineer,True,2025-05-08,2025-07-16
user_pnf8f3gr,org_0lvsnujz,user_pnf8f3gr@example.com,devops,False,2025-07-20,2025-07-20
user_94sz2kuu,org_dbdw2pcn,user_94sz2kuu@example.com,data_engineer,True,2025-08-03,2025-07-23
user_oyc3rwqm,org_9t84azyt,user_oyc3rwqm@example.com,devops,True,2025-05-31,2025-08-23
user_mu7jae58,org_w3zp08j3,user_mu7jae58@example.com,admin,True,2025-07-13,2025-05-21
user_huxg2myr,org_g8sbi4q2,user_huxg2myr@example.com,developer,True,2025-05-25,2025-08-16
user_06nkwfg3,org_xll4zklo,user_06nkwfg3@example.com,data_engineer,True,2025-07-31,2025-05-27
user_mwu4cfil,org_pja1wj0t,user_mwu4cfil@example.com,developer,True,2025-08-09,2025-07-04
user_kjxjq5nv,org_pseimvih,user_kjxjq5nv@example.com,data_engineer,True,2025-06-12,2025-07-26
user_8oga0x7z,org_cvs4f8cg,user_8oga0x7z@example.com,admin,True,2025-05-11,2025-06-06
user_cgdc5tao,org_pseimvih,user_cgdc5tao@example.com,admin,True,2025-05-11,2025-07-01
user_1cjfx5li,org_pja1wj0t,user_1cjfx5li@example.com,analyst,True,2025-06-16,2025-06-13
user_kwe4bx4l,org_axeqbnhl,user_kwe4bx4l@example.com,devops,True,2025-05-16,2025-06-11
user_r9tjq8zg,org_9t84azyt,user_r9tjq8zg@example.com,admin,True,2025-07-23,2025-05-30
user_vwwusxlm,org_he7ur23g,user_vwwusxlm@example.com,data_engineer,True,2025-06-29,
user_t2pnjka3,org_5lxo6qji,user_t2pnjka3@example.com,data_engineer,True,2025-07-05,2025-06-13
user_4mqa78ra,org_53lc58dr,user_4mqa78ra@example.com,data_engineer,True,2025-06-12,2025-07-31
user_pkianouo,org_41ibljh7,user_pkianouo@example.com,devops,True,2025-06-27,2025-08-31
user_f0onjpi1,org_sg65kxvf,user_f0onjpi1@example.com,admin,True,2025-06-29,2025-08-06
user_63yk03o4,org_dhylurtp,user_63yk03o4@example.com,analyst,True,2025-06-21,2025-08-14
user_gkwwjwga,org_xll4zklo,user_gkwwjwga@example.com,data_engineer,True,2025-06-18,
user_btgdjz0i,org_9t84azyt,user_btgdjz0i@example.com,developer,True,2025-06-24,2025-08-02
user_frml29q2,org_jxepq85j,user_frml29q2@example.com,ml_engineer,True,2025-06-28,2025-06-23
user_l48c1cqg,org_ofqewaou,user_l48c1cqg@example.com,ml_engineer,True,2025-05-31,2025-06-07
user_433e1i1p,org_kdgigatj,user_433e1i1p@example.com,devops,True,2025-08-08,
user_0bq1s9ry,org_0lzjjege,user_0bq1s9ry@example.com,devops,True,2025-08-01,2025-06-20
user_llwb7sjw,org_ly8ozcyw,user_llwb7sjw@example.com,devops,True,2025-05-26,2025-06-07
user_h55hewlg,org_he7ur23g,user_h55hewlg@example.com,analyst,True,2025-07-03,2025-05-19
user_je2ab2rv,org_rixa11dp,user_je2ab2rv@example.com,devops,True,2025-05-23,2025-06-15
user_ndfdw79w,org_dppq0y9d,user_ndfdw79w@example.com,devops,True,2025-05-27,2025-08-21
user_cxz2ei92,org_uzfk8ut0,user_cxz2ei92@example.com,analyst,True,2025-06-21,2025-06-30
user_12pgyme6,org_9t84azyt,user_12pgyme6@example.com,analyst,True,2025-07-25,
user_rpkzggm0,org_cwi64ciy,user_rpkzggm0@example.com,admin,True,2025-05-26,2025-07-26
user_j36tcfkj,org_ir4cowgz,user_j36tcfkj@example.com,admin,False,2025-06-28,2025-07-01
user_nawnga41,org_xaji0y6d,user_nawnga41@example.com,analyst,True,2025-05-25,2025-06-19
user_izxtnsrt,org_0lzjjege,user_izxtnsrt@example.com,developer,True,2025-08-04,2025-07-29
user_wlxdsc4e,org_253j2d54,user_wlxdsc4e@example.com,data_engineer,True,2025-05-16,2025-08-07
user_5hrdu4xs,org_id25owf7,user_5hrdu4xs@example.com,developer,True,2025-05-10,2025-05-16
user_zjnvc7hr,org_rixa11dp,user_zjnvc7hr@example.com,admin,True,2025-06-14,2025-06-15
user_6c2cu7on,org_9mx2x18h,user_6c2cu7on@example.com,ml_engineer,True,2025-05-30,2025-07-20
user_z3jbck88,org_uzfk8ut0,user_z3jbck88@example.com,analyst,True,2025-07-31,2025-08-03
user_d0tgsiwg,org_i3qk2iag,user_d0tgsiwg@example.com,data_engineer,True,2025-07-10,2025-07-12
user_0odwmqx5,org_ohp6vz41,user_0odwmqx5@example.com,developer,True,2025-06-06,2025-05-22
user_ggomf9pm,org_xaji0y6d,user_ggomf9pm@example.com,admin,True,2025-06-27,2025-08-30
user_l9ln1p0v,org_8mdd4v30,user_l9ln1p0v@example.com,devops,True,2025-05-27,2025-07-31
user_uh17j8qo,org_jxepq85j,user_uh17j8qo@example.com,data_engineer,True,2025-05-22,
user_09vs9kkh,org_trp0j43d,user_09vs9kkh@example.com,analyst,True,2025-06-30,2025-08-21
user_4a3yjtu7,org_1swjckjl,user_4a3yjtu7@example.com,developer,True,2025-06-19,2025-08-17
user_fbmenui3,org_a7tz0ync,user_fbmenui3@example.com,data_engineer,True,2025-08-01,2025-08-22
user_do7002g3,org_g8sbi4q2,user_do7002g3@example.com,devops,True,2025-07-15,2025-08-25
user_yu6vk0uc,org_okep7y6w,user_yu6vk0uc@example.com,analyst,True,2025-06-21,2025-05-26
user_c1m3o55i,org_wm31yiha,user_c1m3o55i@example.com,analyst,True,2025-07-01,2025-06-25
user_xva1nkbt,org_a7tz0ync,user_xva1nkbt@example.com,admin,True,2025-05-14,2025-08-18
user_fshb0oqv,org_axeqbnhl,user_fshb0oqv@example.com,developer,True,2025-06-05,2025-05-15
user_shkoecub,org_nam148p0,user_shkoecub@example.com,analyst,False,2025-05-11,
user_ods1eeur,org_ly8ozcyw,user_ods1eeur@example.com,admin,True,2025-07-16,2025-05-17
user_xhw0ic1l,org_dzr1yxr2,user_xhw0ic1l@example.com,developer,True,2025-07-17,2025-07-14
user_7dypmlva,org_trp0j43d,user_7dypmlva@example.com,admin,True,2025-05-28,
user_k9w9pfb3,org_dzr1yxr2,user_k9w9pfb3@example.com,data_engineer,True,2025-08-10,
user_hn14eb87,org_rixa11dp,user_hn14eb87@example.com,developer,True,2025-05-11,2025-08-20
user_53ayeqah,org_tvhhpbmy,user_53ayeqah@example.com,analyst,True,2025-05-24,2025-05-23
user_thsjr0fz,org_0lzjjege,user_thsjr0fz@example.com,developer,True,2025-05-22,2025-05-29
user_auxbgk2w,org_n9j2qp89,user_auxbgk2w@example.com,analyst,True,2025-05-24,2025-05-15
user_bxanj4x5,org_1swjckjl,user_bxanj4x5@example.com,ml_engineer,True,2025-05-07,2025-07-05
user_a5xin9dl,org_d14ve92m,user_a5xin9dl@example.com,ml_engineer,True,2025-06-06,2025-08-24
user_5tgsq7ai,org_wnnhj7xv,user_5tgsq7ai@example.com,data_engineer,True,2025-07-04,2025-08-25
user_tmofmmwi,org_x7eedtjv,user_tmofmmwi@example.com,data_engineer,True,2025-06-13,2025-08-13
user_9s3w563b,org_nam148p0,user_9s3w563b@example.com,data_engineer,True,2025-08-08,2025-07-01
user_tkf6xdn8,org_d14ve92m,user_tkf6xdn8@example.com,ml_engineer,True,2025-05-11,2025-06-26
user_wwiif86l,org_teiyzcot,user_wwiif86l@example.com,admin,True,2025-05-19,2025-06-07
user_thet25lz,org_9mx2x18h,user_thet25lz@example.com,ml_engineer,True,2025-06-23,2025-08-02
user_se99f77l,org_7e8g8jdp,user_se99f77l@example.com,analyst,False,2025-06-19,2025-06-24
user_u8el5015,org_kdgigatj,user_u8el5015@example.com,data_engineer,True,2025-06-26,2025-07-27
user_oop767j2,org_ohp6vz41,user_oop767j2@example.com,data_engineer,True,2025-07-08,2025-05-14
user_dg1wjuii,org_8mdd4v30,user_dg1wjuii@example.com,analyst,True,2025-06-16,2025-06-10
user_ymyrsvzn,org_trp0j43d,user_ymyrsvzn@example.com,data_engineer,True,2025-06-05,2025-05-18
user_4regb1aj,org_ujv6oh9s,user_4regb1aj@example.com,analyst,True,2025-06-05,2025-06-08
user_o091c795,org_ykl1cq99,user_o091c795@example.com,ml_engineer,True,2025-08-06,2025-06-27
user_rlqiob0n,org_ujv6oh9s,user_rlqiob0n@example.com,data_engineer,True,2025-08-11,2025-06-04
user_lw0vs52s,org_c11ertj5,user_lw0vs52s@example.com,devops,True,2025-05-22,2025-07-21
user_q3b9so0u,org_a7tz0ync,user_q3b9so0u@example.com,data_engineer,True,2025-07-20,2025-05-28
user_swbkok3q,org_i7p5tb94,user_swbkok3q@example.com,analyst,True,2025-07-12,2025-06-20
user_pwbsf3q0,org_i7p5tb94,user_pwbsf3q0@example.com,ml_engineer,True,2025-05-20,
user_e27zeoqg,org_cwi64ciy,user_e27zeoqg@example.com,developer,True,2025-05-30,2025-06-13
user_vzhqjy62,org_253j2d54,user_vzhqjy62@example.com,developer,True,2025-06-15,2025-05-15
user_zeeqnsn2,org_teiyzcot,user_zeeqnsn2@example.com,ml_engineer,False,2025-07-21,
user_s8nn16ux,org_dzr1yxr2,user_s8nn16ux@example.com,data_engineer,True,2025-05-04,2025-05-20
user_f5gzpl1q,org_t1ghr09s,user_f5gzpl1q@example.com,devops,True,2025-06-10,
user_weehwjq4,org_dbdw2pcn,user_weehwjq4@example.com,data_engineer,True,2025-05-26,2025-06-17
user_ta5ivroc,org_g0fn9xuy,user_ta5ivroc@example.com,developer,False,2025-06-18,2025-06-20
user_vitwu3bf,org_vyie6ivw,user_vitwu3bf@example.com,devops,True,2025-07-09,2025-08-17
user_xb4y4k7b,org_cvs4f8cg,user_xb4y4k7b@example.com,data_engineer,True,2025-06-25,2025-05-31
user_pgyvyv2g,org_axeqbnhl,user_pgyvyv2g@example.com,devops,True,2025-06-27,2025-08-02
user_qu7dknnc,org_pbhsahxt,user_qu7dknnc@example.com,data_engineer,True,2025-05-09,2025-05-17
user_ptkezjss,org_4zw9xa3k,user_ptkezjss@example.com,devops,True,2025-05-29,2025-08-19
user_zwd0w9ry,org_zhwjr64d,user_zwd0w9ry@example.com,devops,True,2025-07-07,2025-08-18
user_79kvls9m,org_pseimvih,user_79kvls9m@example.com,ml_engineer,True,2025-06-12,2025-05-31
user_euswrgvz,org_pja1wj0t,user_euswrgvz@example.com,admin,False,2025-08-10,2025-05-17
user_9aawe429,org_wnnhj7xv,user_9aawe429@example.com,devops,True,2025-06-08,2025-08-05
user_omuwahk2,org_pvs7hzio,user_omuwahk2@example.com,devops,True,2025-07-04,2025-06-28
user_lslaym0w,org_ohp6vz41,user_lslaym0w@example.com,ml_engineer,True,2025-07-07,2025-05-16
user_bglmy62x,org_xaji0y6d,user_bglmy62x@example.com,devops,False,2025-07-03,2025-07-10
user_rw6tm2o0,org_h2m5zja8,user_rw6tm2o0@example.com,developer,True,2025-05-25,2025-08-06
user_4k0lthy2,org_om5igqpk,user_4k0lthy2@example.com,data_engineer,False,2025-06-01,2025-05-24
user_5m8kb9w4,org_afeyuhz1,user_5m8kb9w4@example.com,data_engineer,True,2025-07-02,2025-07-19
user_uov51zlb,org_ohp6vz41,user_uov51zlb@example.com,admin,True,2025-05-18,2025-05-16
user_oriq8hke,org_253j2d54,user_oriq8hke@example.com,devops,True,2025-07-17,
user_226parsg,org_kdgigatj,user_226parsg@example.com,devops,True,2025-07-13,2025-05-26
user_70s1f537,org_ykl1cq99,user_70s1f537@example.com,data_engineer,True,2025-06-06,
user_ye0qzsa7,org_xll4zklo,user_ye0qzsa7@example.com,admin,True,2025-06-15,2025-07-13
user_yvdqbsxl,org_n9j2qp89,user_yvdqbsxl@example.com,ml_engineer,True,2025-06-12,2025-08-10
user_ul6lgjlp,org_om5igqpk,user_ul6lgjlp@example.com,data_engineer,True,2025-07-26,2025-05-28
user_efjawshm,org_1swjckjl,user_efjawshm@example.com,data_engineer,True,2025-07-14,2025-06-15
user_lfzkicwm,org_kdgigatj,user_lfzkicwm@example.com,developer,True,2025-06-03,2025-08-14
user_peqydbpg,org_pac56t4u,user_peqydbpg@example.com,devops,False,2025-05-31,2025-06-06
user_vv4zwl3z,org_0lzjjege,user_vv4zwl3z@example.com,data_engineer,False,2025-07-11,2025-08-21
user_yt91qe37,org_nam148p0,user_yt91qe37@example.com,data_engineer,True,2025-05-13,2025-08-13
user_qqyzqii4,org_t9nt3w5u,user_qqyzqii4@example.com,devops,True,2025-07-15,
user_w6ozx25q,org_pvs7hzio,user_w6ozx25q@example.com,data_engineer,True,2025-05-18,2025-05-24
user_brmqg1ve,org_9t84azyt,user_brmqg1ve@example.com,developer,True,2025-06-24,2025-05-23
user_d32lx2to,org_he7ur23g,user_d32lx2to@example.com,ml_engineer,True,2025-05-26,2025-06-25
user_owt9nm3v,org_l58kxo9t,user_owt9nm3v@example.com,admin,True,2025-08-10,2025-07-01
user_2p2tixc7,org_1t2tala7,user_2p2tixc7@example.com,developer,True,2025-07-24,2025-06-18
user_urvqt3g8,org_9mx2x18h,user_urvqt3g8@example.com,ml_engineer,True,2025-06-04,2025-05-28
user_cd31nrxd,org_x7eedtjv,user_cd31nrxd@example.com,ml_engineer,True,2025-06-30,2025-06-11
user_356wafft,org_pht0hl9x,user_356wafft@example.com,analyst,True,2025-05-22,2025-05-16
user_ouhylu6k,org_wm31yiha,user_ouhylu6k@example.com,data_engineer,True,2025-05-27,2025-06-07
user_7p9mda9o,org_874frhoc,user_7p9mda9o@example.com,devops,True,2025-07-20,2025-07-24
user_ekntbz3m,org_phr62gds,user_ekntbz3m@example.com,ml_engineer,True,2025-05-27,2025-07-23
user_55izolnn,org_pac56t4u,user_55izolnn@example.com,data_engineer,True,2025-06-12,2025-07-18
user_txrgn74f,org_1n13jcat,user_txrgn74f@example.com,developer,True,2025-05-17,
user_9yecazrp,org_nam148p0,user_9yecazrp@example.com,developer,True,2025-07-20,2025-06-20
user_9dxoq2vp,org_pja1wj0t,user_9dxoq2vp@example.com,admin,True,2025-05-09,2025-08-06
user_gstqmgvu,org_3t60rjiw,user_gstqmgvu@example.com,developer,True,2025-08-05,2025-07-27
user_4isotn9u,org_rixa11dp,user_4isotn9u@example.com,ml_engineer,True,2025-06-04,2025-07-16
user_zeryf099,org_i7p5tb94,user_zeryf099@example.com,admin,True,2025-06-23,2025-05-31
user_2qc6dr08,org_53lc58dr,user_2qc6dr08@example.com,devops,True,2025-08-06,2025-08-17
user_cw2lbm2q,org_phr62gds,user_cw2lbm2q@example.com,admin,True,2025-07-04,2025-07-03
user_sq0p82kb,org_axeqbnhl,user_sq0p82kb@example.com,analyst,True,2025-07-07,2025-08-27
user_700ucrgb,org_5lxo6qji,user_700ucrgb@example.com,devops,True,2025-05-15,2025-08-17
user_93wkcs4k,org_ir4cowgz,user_93wkcs4k@example.com,ml_engineer,False,2025-07-04,2025-07-29
user_ek4aegvf,org_pnsm43d8,user_ek4aegvf@example.com,ml_engineer,True,2025-06-30,2025-06-21
user_q3jzr25m,org_ktakpuxq,user_q3jzr25m@example.com,data_engineer,True,2025-07-02,2025-05-30
user_df7fr91i,org_cvs4f8cg,user_df7fr91i@example.com,devops,True,2025-06-16,
user_pwh0mx1e,org_xll4zklo,user_pwh0mx1e@example.com,data_engineer,True,2025-06-23,2025-06-05
user_gok01tnz,org_9mx2x18h,user_gok01tnz@example.com,ml_engineer,True,2025-07-21,2025-06-13
user_rf5a7qy8,org_xaji0y6d,user_rf5a7qy8@example.com,data_engineer,True,2025-06-05,2025-06-26
user_yb7w8p74,org_om5igqpk,user_yb7w8p74@example.com,data_engineer,True,2025-07-01,2025-08-24
user_mjdxo100,org_chj755nf,user_mjdxo100@example.com,devops,True,2025-07-04,2025-06-20
user_vhmygty3,org_dzr1yxr2,user_vhmygty3@example.com,analyst,True,2025-05-17,2025-07-01
user_addqhkga,org_l58kxo9t,user_addqhkga@example.com,admin,True,2025-08-02,2025-06-25
user_d7x48wze,org_chj755nf,user_d7x48wze@example.com,analyst,True,2025-06-17,2025-06-04
user_4ex6u86z,org_he7ur23g,user_4ex6u86z@example.com,devops,True,2025-06-19,
user_jq7w7jp6,org_1t2tala7,user_jq7w7jp6@example.com,developer,True,2025-06-14,2025-05-15
user_1lfc1nlc,org_1swjckjl,user_1lfc1nlc@example.com,devops,False,2025-07-03,2025-08-06
user_8jpr7vgr,org_5iqvnb4g,user_8jpr7vgr@example.com,data_engineer,True,2025-07-05,
user_f1hx6zdc,org_5lxo6qji,user_f1hx6zdc@example.com,devops,True,2025-05-09,2025-06-26
user_ujq6fx7x,org_pht0hl9x,user_ujq6fx7x@example.com,developer,True,2025-05-23,
user_jz6us7rp,org_afeyuhz1,user_jz6us7rp@example.com,admin,True,2025-06-29,2025-08-18
user_422ta83r,org_dhylurtp,user_422ta83r@example.com,devops,True,2025-07-20,2025-08-12
user_u7myow8d,org_l58kxo9t,user_u7myow8d@example.com,admin,True,2025-07-27,
user_t8cq1xgb,org_dbdw2pcn,user_t8cq1xgb@example.com,developer,True,2025-07-18,2025-07-27
user_ngz6wmdw,org_dppq0y9d,user_ngz6wmdw@example.com,developer,True,2025-08-06,2025-05-29
user_0fgzvrct,org_0lzjjege,user_0fgzvrct@example.com,devops,True,2025-05-20,2025-05-20
user_lt4q9bc2,org_ykl1cq99,user_lt4q9bc2@example.com,data_engineer,True,2025-05-06,2025-06-19
user_be3yqy5f,org_afeyuhz1,user_be3yqy5f@example.com,developer,True,2025-08-08,2025-05-26
user_u7bfxq7b,org_ly8ozcyw,user_u7bfxq7b@example.com,admin,True,2025-07-22,2025-07-27
user_zegbl2qg,org_a7tz0ync,user_zegbl2qg@example.com,developer,False,2025-06-01,2025-06-21
user_v3dr2h2p,org_x7eedtjv,user_v3dr2h2p@example.com,data_engineer,True,2025-08-08,2025-08-02
user_39yl9ue4,org_1n13jcat,user_39yl9ue4@example.com,data_engineer,True,2025-05-22,2025-08-09
user_21vmefoz,org_g8sbi4q2,user_21vmefoz@example.com,devops,True,2025-06-10,
user_tp7bd4w1,org_okep7y6w,user_tp7bd4w1@example.com,developer,True,2025-07-08,2025-07-03
user_aragdx5o,org_rixa11dp,user_aragdx5o@example.com,admin,True,2025-07-19,
user_31yhxso7,org_g8sbi4q2,user_31yhxso7@example.com,developer,True,2025-08-02,2025-08-31
user_vbgr8w2m,org_dppq0y9d,user_vbgr8w2m@example.com,data_engineer,True,2025-07-13,2025-07-17
user_aietdn1t,org_c11ertj5,user_aietdn1t@example.com,ml_engineer,True,2025-06-20,2025-07-13
user_h1xjg2y8,org_a7tz0ync,user_h1xjg2y8@example.com,admin,True,2025-07-21,2025-07-15
user_rgybxkpm,org_41ibljh7,user_rgybxkpm@example.com,analyst,True,2025-05-23,
user_21b07g2r,org_okep7y6w,user_21b07g2r@example.com,devops,True,2025-06-14,2025-07-18
user_e6zvlhyl,org_i7p5tb94,user_e6zvlhyl@example.com,data_engineer,True,2025-08-02,
user_2ld05nhq,org_h2m5zja8,user_2ld05nhq@example.com,ml_engineer,True,2025-05-21,
user_r6f7qnez,org_c11ertj5,user_r6f7qnez@example.com,analyst,True,2025-05-16,2025-06-10
user_w9heyce4,org_i7p5tb94,user_w9heyce4@example.com,admin,True,2025-06-30,2025-08-19
user_qgm5v2ww,org_pht0hl9x,user_qgm5v2ww@example.com,analyst,True,2025-06-02,2025-06-11
user_g84d4r9v,org_4zw9xa3k,user_g84d4r9v@example.com,devops,True,2025-06-11,2025-06-30
user_4k00ilu6,org_cwi64ciy,user_4k00ilu6@example.com,data_engineer,True,2025-05-12,2025-05-23
user_vfua9bq1,org_vyie6ivw,user_vfua9bq1@example.com,analyst,True,2025-05-05,2025-06-22
user_btr23qiu,org_8mdd4v30,user_btr23qiu@example.com,ml_engineer,True,2025-07-22,
user_a08ekxdr,org_wm31yiha,user_a08ekxdr@example.com,analyst,True,2025-07-23,2025-08-19
user_kz40aq15,org_8mdd4v30,user_kz40aq15@example.com,developer,True,2025-06-01,
user_o2nqw4c6,org_41ibljh7,user_o2nqw4c6@example.com,devops,False,2025-08-02,2025-05-16
user_lbpj8t22,org_9t84azyt,user_lbpj8t22@example.com,ml_engineer,True,2025-07-18,2025-08-05
user_c50b8y5d,org_y9v86wzs,user_c50b8y5d@example.com,developer,True,2025-07-23,2025-05-23
user_nwnguczh,org_phr62gds,user_nwnguczh@example.com,developer,True,2025-05-19,
user_9ier7u8h,org_pbhsahxt,user_9ier7u8h@example.com,developer,True,2025-07-06,2025-08-01
user_0imjyjcm,org_h2m5zja8,user_0imjyjcm@example.com,ml_engineer,True,2025-05-27,2025-06-27
user_rsezytkw,org_tvhhpbmy,user_rsezytkw@example.com,analyst,True,2025-06-10,2025-08-04
user_2837c6qc,org_g8sbi4q2,user_2837c6qc@example.com,devops,True,2025-07-07,2025-05-16
user_6k8djzr5,org_1t2tala7,user_6k8djzr5@example.com,data_engineer,True,2025-05-28,2025-06-17
user_swk8temp,org_253j2d54,user_swk8temp@example.com,data_engineer,True,2025-07-30,2025-08-08
user_xkc5i8xo,org_zbikcidk,user_xkc5i8xo@example.com,ml_engineer,True,2025-07-11,2025-06-19
user_mxlvz4qk,org_om5igqpk,user_mxlvz4qk@example.com,devops,True,2025-06-03,2025-05-21
user_e2gjr81b,org_nam148p0,user_e2gjr81b@example.com,devops,True,2025-06-05,2025-07-25
user_mqf7zk94,org_w3zp08j3,user_mqf7zk94@example.com,developer,True,2025-07-21,2025-08-10
user_yxfiblej,org_cvs4f8cg,user_yxfiblej@example.com,analyst,True,2025-05-29,2025-08-18
user_gublmntf,org_wnnhj7xv,user_gublmntf@example.com,analyst,True,2025-07-27,2025-06-25
user_k7orfqla,org_h2m5zja8,user_k7orfqla@example.com,ml_engineer,True,2025-06-13,2025-07-16
user_09lzrk79,org_xll4zklo,user_09lzrk79@example.com,analyst,True,2025-07-13,2025-05-25
user_ufu6py06,org_ofqewaou,user_ufu6py06@example.com,analyst,True,2025-05-18,
user_ftlo4qdb,org_ktakpuxq,user_ftlo4qdb@example.com,data_engineer,True,2025-05-11,2025-06-21
user_xvh7katq,org_g0fn9xuy,user_xvh7katq@example.com,ml_engineer,True,2025-07-29,2025-05-28
user_ydshlv76,org_nam148p0,user_ydshlv76@example.com,devops,False,2025-06-27,2025-08-29
user_mf4nnkm9,org_0lzjjege,user_mf4nnkm9@example.com,data_engineer,True,2025-06-17,2025-08-18
user_5d0p92k3,org_i7p5tb94,user_5d0p92k3@example.com,devops,True,2025-05-28,2025-05-22
user_8p6fvdhr,org_y9v86wzs,user_8p6fvdhr@example.com,data_engineer,True,2025-06-14,2025-08-11
user_59c81do6,org_ktakpuxq,user_59c81do6@example.com,ml_engineer,True,2025-06-18,2025-06-11
user_ouz1egnt,org_fel6246h,user_ouz1egnt@example.com,data_engineer,True,2025-08-11,2025-06-30
user_b34kuqaa,org_1t2tala7,user_b34kuqaa@example.com,data_engineer,True,2025-06-20,
user_j84rx6pr,org_axeqbnhl,user_j84rx6pr@example.com,devops,True,2025-07-18,2025-08-02
user_yiej9c0u,org_pnsm43d8,user_yiej9c0u@example.com,developer,True,2025-05-15,2025-07-09
user_u5wryesu,org_i3qk2iag,user_u5wryesu@example.com,analyst,True,2025-05-27,2025-08-04
user_4fcl5efj,org_tvhhpbmy,user_4fcl5efj@example.com,devops,False,2025-05-22,2025-05-18
user_p6mkt7s1,org_c11ertj5,user_p6mkt7s1@example.com,data_engineer,True,2025-07-11,2025-08-11
user_gd1t53yk,org_c11ertj5,user_gd1t53yk@example.com,developer,False,2025-07-20,2025-07-03
user_yydu3asn,org_c11ertj5,user_yydu3asn@example.com,developer,True,2025-05-28,2025-07-12
user_rm6dfhg6,org_wm31yiha,user_rm6dfhg6@example.com,developer,True,2025-06-26,2025-08-16
user_w3stt1eq,org_253j2d54,user_w3stt1eq@example.com,devops,True,2025-06-06,
user_c37rln36,org_1n13jcat,user_c37rln36@example.com,developer,True,2025-06-26,2025-06-03
user_v1mzb3i4,org_3t60rjiw,user_v1mzb3i4@example.com,devops,True,2025-06-10,2025-08-18
user_fieecy2c,org_cvs4f8cg,user_fieecy2c@example.com,analyst,True,2025-07-26,2025-06-20
user_11bd2sce,org_53lc58dr,user_11bd2sce@example.com,data_engineer,True,2025-07-27,2025-08-22
user_jcy127h6,org_pht0hl9x,user_jcy127h6@example.com,data_engineer,False,2025-07-19,2025-05-18
user_gmd478mf,org_d14ve92m,user_gmd478mf@example.com,admin,True,2025-05-28,2025-08-16
user_s0iuduah,org_nam148p0,user_s0iuduah@example.com,data_engineer,True,2025-05-15,2025-08-14
user_gk6t9dhs,org_53lc58dr,user_gk6t9dhs@example.com,analyst,True,2025-05-23,2025-06-14
user_znvp8gmn,org_0lvsnujz,user_znvp8gmn@example.com,developer,True,2025-06-17,2025-07-18
user_hie9ede1,org_ktakpuxq,user_hie9ede1@example.com,data_engineer,True,2025-07-22,2025-08-03
user_zublekvl,org_rixa11dp,user_zublekvl@example.com,devops,True,2025-07-22,2025-06-07
user_9ptk4gc4,org_dppq0y9d,user_9ptk4gc4@example.com,devops,True,2025-08-07,
user_ryg9rdpx,org_g8sbi4q2,user_ryg9rdpx@example.com,data_engineer,True,2025-05-18,
user_dfovd79c,org_pac56t4u,user_dfovd79c@example.com,data_engineer,True,2025-06-07,2025-07-22
user_9mv9e40k,org_4zw9xa3k,user_9mv9e40k@example.com,data_engineer,True,2025-07-17,2025-08-12
user_zuj2xorv,org_i3qk2iag,user_zuj2xorv@example.com,admin,True,2025-06-04,2025-07-22
user_ork1djrw,org_pnsm43d8,user_ork1djrw@example.com,analyst,True,2025-06-28,2025-06-09
user_edbcy8ny,org_ofqewaou,user_edbcy8ny@example.com,ml_engineer,True,2025-08-05,2025-07-17
user_fwdc112h,org_tvhhpbmy,user_fwdc112h@example.com,analyst,True,2025-06-19,2025-08-10
user_xrjm4t8b,org_zhwjr64d,user_xrjm4t8b@example.com,data_engineer,True,2025-05-23,
user_p6nlnqbu,org_h2m5zja8,user_p6nlnqbu@example.com,admin,True,2025-05-28,
user_4kzrezrd,org_id25owf7,user_4kzrezrd@example.com,devops,True,2025-05-27,2025-08-15
user_yxyur4so,org_tvhhpbmy,user_yxyur4so@example.com,analyst,True,2025-05-15,2025-07-15
user_r8wm9lbb,org_1swjckjl,user_r8wm9lbb@example.com,analyst,True,2025-07-31,2025-07-13
user_4m0a6mdm,org_c11ertj5,user_4m0a6mdm@example.com,analyst,True,2025-07-02,2025-06-05
user_mmxixv6c,org_cvs4f8cg,user_mmxixv6c@example.com,data_engineer,True,2025-07-16,2025-07-18
user_kmalq5u6,org_41ibljh7,user_kmalq5u6@example.com,data_engineer,True,2025-05-25,
user_jzv9nou3,org_874frhoc,user_jzv9nou3@example.com,data_engineer,True,2025-08-08,2025-07-01
user_dyms1mwn,org_9mx2x18h,user_dyms1mwn@example.com,developer,True,2025-06-02,2025-06-30
user_pr424tkb,org_hv3a3zmf,user_pr424tkb@example.com,data_engineer,True,2025-06-09,2025-08-09
user_9oi0d4dm,org_wnnhj7xv,user_9oi0d4dm@example.com,data_engineer,True,2025-05-08,2025-08-03
user_c2rh2xk2,org_i7p5tb94,user_c2rh2xk2@example.com,data_engineer,True,2025-06-18,2025-08-04
user_pthowq1g,org_1t2tala7,user_pthowq1g@example.com,data_engineer,True,2025-05-25,2025-05-26
user_az5uh80q,org_chj755nf,user_az5uh80q@example.com,analyst,True,2025-05-25,2025-08-28
user_7tw1puws,org_h2m5zja8,user_7tw1puws@example.com,ml_engineer,True,2025-06-02,2025-08-27
user_nffykpl3,org_0lzjjege,user_nffykpl3@example.com,devops,True,2025-05-16,
user_cho3xjvo,org_9mx2x18h,user_cho3xjvo@example.com,admin,True,2025-06-06,
user_egi3qupx,org_pbhsahxt,user_egi3qupx@example.com,devops,True,2025-07-03,2025-08-02
user_bfej2xg4,org_0lzjjege,user_bfej2xg4@example.com,ml_engineer,True,2025-07-07,2025-05-21
user_8ra4dv56,org_he7ur23g,user_8ra4dv56@example.com,devops,True,2025-07-04,2025-06-18
user_onxd70fe,org_xll4zklo,user_onxd70fe@example.com,ml_engineer,True,2025-07-28,2025-05-23
user_07s387j5,org_ly8ozcyw,user_07s387j5@example.com,devops,True,2025-05-20,2025-07-30
user_ie3lvo0i,org_sg65kxvf,user_ie3lvo0i@example.com,devops,True,2025-06-24,2025-08-04
user_pfg8pjvr,org_pac56t4u,user_pfg8pjvr@example.com,developer,True,2025-06-16,2025-08-26
user_n8lpy857,org_dbdw2pcn,user_n8lpy857@example.com,devops,False,2025-06-26,
user_nz3a8v4x,org_afeyuhz1,user_nz3a8v4x@example.com,data_engineer,True,2025-06-29,2025-07-19
user_7y2itl8n,org_8mdd4v30,user_7y2itl8n@example.com,ml_engineer,True,2025-05-16,2025-08-01
user_3e54n6o9,org_phr62gds,user_3e54n6o9@example.com,data_engineer,False,2025-05-28,2025-06-27
user_jd3ih66w,org_ir4cowgz,user_jd3ih66w@example.com,analyst,True,2025-05-29,2025-08-07
user_51ob537q,org_jxepq85j,user_51ob537q@example.com,developer,True,2025-07-23,
user_o4z533zs,org_pseimvih,user_o4z533zs@example.com,developer,True,2025-06-05,
user_mv30qabx,org_l58kxo9t,user_mv30qabx@example.com,data_engineer,True,2025-05-08,2025-05-19
user_w2eowlcf,org_pac56t4u,user_w2eowlcf@example.com,data_engineer,False,2025-08-09,2025-07-09
user_s8314y2l,org_fel6246h,user_s8314y2l@example.com,data_engineer,True,2025-05-11,2025-05-25
user_r0jy32ho,org_xll4zklo,user_r0jy32ho@example.com,devops,True,2025-07-25,2025-06-24
user_g585i87x,org_i7p5tb94,user_g585i87x@example.com,devops,False,2025-05-09,
user_w69hzgop,org_axeqbnhl,user_w69hzgop@example.com,data_engineer,True,2025-05-29,2025-05-25
user_jdn8ezp7,org_x7eedtjv,user_jdn8ezp7@example.com,developer,True,2025-07-08,2025-06-21
user_qyezg52k,org_vyie6ivw,user_qyezg52k@example.com,data_engineer,False,2025-07-19,2025-08-28
user_re4v9kyp,org_zhwjr64d,user_re4v9kyp@example.com,data_engineer,True,2025-06-24,2025-08-15
user_ofkjw6ny,org_pht0hl9x,user_ofkjw6ny@example.com,devops,True,2025-05-20,2025-05-24
user_qaelyyzz,org_g0fn9xuy,user_qaelyyzz@example.com,devops,True,2025-05-20,2025-05-21
user_0jdcli69,org_hv3a3zmf,user_0jdcli69@example.com,developer,True,2025-06-24,
user_78v0bjwk,org_uzfk8ut0,user_78v0bjwk@example.com,data_engineer,True,2025-07-12,2025-05-15
user_on8uujs7,org_dzr1yxr2,user_on8uujs7@example.com,devops,True,2025-07-19,2025-06-27
user_5eltfebe,org_t9nt3w5u,user_5eltfebe@example.com,devops,True,2025-05-31,2025-06-17
user_5407k5w1,org_wnnhj7xv,user_5407k5w1@example.com,analyst,True,2025-06-03,2025-06-03
user_jl6l91f4,org_1n13jcat,user_jl6l91f4@example.com,devops,True,2025-08-06,2025-08-31
user_x2bfibjz,org_id25owf7,user_x2bfibjz@example.com,devops,True,2025-06-07,2025-08-30
user_p97bmzrr,org_pvs7hzio,user_p97bmzrr@example.com,admin,False,2025-06-17,2025-08-11
user_45ed5ggs,org_41ibljh7,user_45ed5ggs@example.com,data_engineer,True,2025-06-11,
user_j6vv8suo,org_dhylurtp,user_j6vv8suo@example.com,data_engineer,True,2025-07-24,2025-05-24
user_c1y5ayyo,org_ir4cowgz,user_c1y5ayyo@example.com,data_engineer,True,2025-07-19,2025-08-24
user_v84fc3xq,org_sg65kxvf,user_v84fc3xq@example.com,analyst,False,2025-06-11,2025-06-14
user_8va8x8l0,org_8mdd4v30,user_8va8x8l0@example.com,developer,False,2025-06-06,2025-06-27
user_08uhbxlb,org_afeyuhz1,user_08uhbxlb@example.com,ml_engineer,True,2025-07-17,2025-07-12
user_c8nog85d,org_0lzjjege,user_c8nog85d@example.com,data_engineer,True,2025-06-17,2025-08-03
user_4f2k1xer,org_dzr1yxr2,user_4f2k1xer@example.com,devops,True,2025-06-09,
user_p3lyex3s,org_x7eedtjv,user_p3lyex3s@example.com,ml_engineer,True,2025-05-05,2025-06-20
user_r5rup13w,org_8mdd4v30,user_r5rup13w@example.com,analyst,True,2025-06-23,2025-05-14
user_ppbmqiyf,org_pvs7hzio,user_ppbmqiyf@example.com,analyst,True,2025-06-24,2025-08-16
user_rwskp6rf,org_kdgigatj,user_rwskp6rf@example.com,data_engineer,True,2025-06-17,2025-08-25
user_e64skbcb,org_vyie6ivw,user_e64skbcb@example.com,developer,True,2025-05-12,2025-08-16
user_dpdxujjc,org_okep7y6w,user_dpdxujjc@example.com,devops,False,2025-07-15,2025-08-18
user_sexggoc5,org_ir4cowgz,user_sexggoc5@example.com,admin,True,2025-06-04,2025-06-27
user_kvqywj85,org_pja1wj0t,user_kvqywj85@example.com,developer,True,2025-05-23,2025-05-28
user_gg0v5dta,org_wm31yiha,user_gg0v5dta@example.com,developer,True,2025-05-04,2025-05-22
user_egry58vr,org_9mx2x18h,user_egry58vr@example.com,data_engineer,True,2025-06-21,2025-06-02
user_w9myyoke,org_5lxo6qji,user_w9myyoke@example.com,devops,True,2025-07-13,
user_aea84hxx,org_0lzjjege,user_aea84hxx@example.com,devops,False,2025-05-06,
user_pw2gkqra,org_wm31yiha,user_pw2gkqra@example.com,ml_engineer,True,2025-05-06,
user_ffz8q4vh,org_0lzjjege,user_ffz8q4vh@example.com,ml_engineer,True,2025-07-22,2025-08-30
user_u4bawz94,org_zbikcidk,user_u4bawz94@example.com,developer,True,2025-06-21,
user_0vtkrrvw,org_pseimvih,user_0vtkrrvw@example.com,data_engineer,True,2025-05-30,2025-07-04
user_y3rztplc,org_3t60rjiw,user_y3rztplc@example.com,devops,True,2025-08-11,2025-05-20
user_6prr7mza,org_id25owf7,user_6prr7mza@example.com,devops,True,2025-06-24,2025-06-11
user_kgmih6mv,org_y9v86wzs,user_kgmih6mv@example.com,developer,True,2025-06-06,2025-07-15
user_4xekz83y,org_9mx2x18h,user_4xekz83y@example.com,developer,True,2025-06-30,2025-07-20
user_0224wk0y,org_trp0j43d,user_0224wk0y@example.com,admin,True,2025-06-17,2025-07-29
user_ehvdo9kh,org_fel6246h,user_ehvdo9kh@example.com,developer,True,2025-05-27,
user_ba5mf36b,org_8mdd4v30,user_ba5mf36b@example.com,developer,True,2025-06-22,2025-07-19
user_cpweijmm,org_phr62gds,user_cpweijmm@example.com,devops,True,2025-05-13,
user_b5jfysyz,org_vyie6ivw,user_b5jfysyz@example.com,analyst,True,2025-06-11,2025-06-21
user_7pq4ddv2,org_sg65kxvf,user_7pq4ddv2@example.com,admin,True,2025-06-24,2025-08-09
user_83bdw56f,org_pseimvih,user_83bdw56f@example.com,devops,True,2025-06-23,
user_kps0dxme,org_tvhhpbmy,user_kps0dxme@example.com,devops,True,2025-07-27,2025-05-22
user_4po1i3ms,org_fel6246h,user_4po1i3ms@example.com,developer,True,2025-06-18,2025-08-23
user_dn1mxf1p,org_zhwjr64d,user_dn1mxf1p@example.com,admin,True,2025-06-12,2025-08-17
user_i2ooq42n,org_phr62gds,user_i2ooq42n@example.com,developer,True,2025-06-07,2025-08-20
user_bfa37dl9,org_i7p5tb94,user_bfa37dl9@example.com,developer,True,2025-05-21,
user_fc1xx6cw,org_pac56t4u,user_fc1xx6cw@example.com,devops,True,2025-05-17,
user_zxskoytk,org_t9nt3w5u,user_zxskoytk@example.com,analyst,False,2025-07-19,2025-07-09
user_06akt7zq,org_t1ghr09s,user_06akt7zq@example.com,ml_engineer,True,2025-05-28,2025-07-27
user_ht2xz52o,org_4zw9xa3k,user_ht2xz52o@example.com,admin,True,2025-07-16,2025-06-06
user_hkbm00e9,org_0lzjjege,user_hkbm00e9@example.com,analyst,True,2025-06-03,2025-08-25
user_kdts1fb2,org_phr62gds,user_kdts1fb2@example.com,admin,True,2025-06-07,2025-07-21
user_vi109dcn,org_8mdd4v30,user_vi109dcn@example.com,admin,True,2025-05-31,2025-08-05
user_wmbxek0q,org_41ibljh7,user_wmbxek0q@example.com,devops,True,2025-06-12,2025-08-29
user_929u6wtv,org_hv3a3zmf,user_929u6wtv@example.com,data_engineer,True,2025-07-14,2025-06-22
user_mk2zyzsi,org_id25owf7,user_mk2zyzsi@example.com,admin,True,2025-05-05,2025-07-23
user_lu3ndz3c,org_pbhsahxt,user_lu3ndz3c@example.com,admin,True,2025-06-05,2025-07-29
user_c5rqnsvs,org_g8sbi4q2,user_c5rqnsvs@example.com,developer,True,2025-08-10,2025-08-22
user_ojrpp7r9,org_9t84azyt,user_ojrpp7r9@example.com,devops,True,2025-07-03,2025-08-22
user_3fezez5e,org_id25owf7,user_3fezez5e@example.com,data_engineer,True,2025-05-04,2025-06-11
user_hr07n8vo,org_pnsm43d8,user_hr07n8vo@example.com,devops,True,2025-07-14,
